Cpu,Gpu,Memory,Price
Intel Core i5 2.3GHz,Intel Iris Plus Graphics 640,SSD,71378.6832
Intel Core i5 1.8GHz,Intel HD Graphics 6000,Flash Storage,47895.5232
Intel Core i5 7200U 2.5GHz,Intel HD Graphics 620,SSD,30636.0
Intel Core i7 2.7GHz,AMD Radeon Pro 455,SSD,135195.336
Intel Core i5 3.1GHz,Intel Iris Plus Graphics 650,SSD,96095.808
AMD A9-Series 9420 3GHz,AMD Radeon R5,HDD,21312.0
Intel Core i7 2.2GHz,Intel Iris Pro Graphics,Flash Storage,114017.6016
Intel Core i5 1.8GHz,Intel HD Graphics 6000,Flash Storage,61735.536
Intel Core i7 8550U 1.8GHz,Nvidia GeForce MX150,SSD,79653.6
Intel Core i5 8250U 1.6GHz,Intel UHD Graphics 620,SSD,41025.6
Intel Core i5 7200U 2.5GHz,Intel HD Graphics 620,HDD,20986.992
Intel Core i3 6006U 2GHz,Intel HD Graphics 520,HDD,18381.0672
Intel Core i7 2.8GHz,AMD Radeon Pro 555,SSD,130001.6016
Intel Core i3 6006U 2GHz,AMD Radeon R5 M430,SSD,26581.392
Intel Core M m3 1.2GHz,Intel HD Graphics 615,SSD,67260.672
Intel Core i5 2.3GHz,Intel Iris Plus Graphics 640,SSD,80908.344
Intel Core i7 7500U 2.7GHz,AMD Radeon R5 M430,SSD,39693.6
Intel Core i7 2.9GHz,AMD Radeon Pro 560,SSD,152274.24
Intel Core i3 7100U 2.4GHz,Nvidia GeForce 940MX,HDD,26586.72
Intel Core i5 8250U 1.6GHz,Intel UHD Graphics 620,SSD,52161.12
Intel Core i5 7300HQ 2.5GHz,Nvidia GeForce GTX 1050,SSD +  HDD,53226.72
AMD E-Series E2-9000e 1.5GHz,AMD Radeon R2,HDD,13746.24
Intel Core i5 8250U 1.6GHz,Intel UHD Graphics 620,SSD,43636.32
Intel Core i7 8550U 1.8GHz,Intel HD Graphics 620,SSD,35111.52
Intel Core i3 6006U 2GHz,Intel HD Graphics 520,HDD,22305.1392
Intel Core i5 1.6GHz,Intel HD Graphics 6000,Flash Storage,58554.72
Intel Core i5 8250U 1.6GHz,AMD Radeon 530,SSD,42624.0
Intel Core i7 8650U 1.9GHz,Intel UHD Graphics 620,SSD +  SSD,69157.44
Intel Core i5 8250U 1.6GHz,Nvidia GeForce 930MX,HDD,47738.88
Intel Atom x5-Z8300 1.44GHz,Intel HD Graphics,Flash Storage,13053.0672
AMD E-Series E2-6110 1.5GHz,AMD Radeon R2,Flash Storage,10602.72
AMD A6-Series 9220 2.5GHz,AMD Radeon 530,HDD,23389.92
Intel Core i7 8550U 1.8GHz,Intel UHD Graphics 620,SSD,99580.32
Intel Core i5 1.6GHz,Intel HD Graphics 6000,Flash Storage,53173.44
Intel Celeron Dual Core N3350 1.1GHz,Intel HD Graphics 500,Flash Storage,13266.72
Intel Core i3 7130U 2.7GHz,Intel HD Graphics 620,HDD,19553.76
Intel Core i5 8250U 1.6GHz,AMD Radeon 530,SSD +  HDD,52161.12
Intel Core i5 7200U 2.5GHz,Intel HD Graphics 620,HDD,26037.4032
Intel Core i5 8250U 1.6GHz,Nvidia GeForce 930MX ,SSD,46833.12
Intel Core i3 6006U 2GHz,Intel HD Graphics 620,HDD,20725.92
Intel Core i7 7700HQ 2.8GHz,Nvidia GeForce GTX 1060,SSD +  HDD,79866.72
Intel Core i5 7200U 2.5GHz,Nvidia GeForce 940MX,HDD,27864.9072
Intel Core i5 8250U 1.6GHz,Intel UHD Graphics 620,SSD,36336.96
Intel Core i5 8250U 1.6GHz,Nvidia GeForce 150MX,HDD,53226.72
Intel Core i5 2.0GHz,Intel Iris Graphics 540,SSD,75604.32
AMD Ryzen 1700 3GHz,AMD Radeon RX 580,SSD +  HDD,69210.72
Intel Core i5 7200U 2.5GHz,AMD Radeon R5 M430,SSD,34045.92
Intel Pentium Quad Core N4200 1.1GHz,Nvidia GeForce 920MX,HDD,24828.48
Intel Core i7 8550U 1.8GHz,Nvidia GeForce MX150,SSD,44808.48
AMD A6-Series 9220 2.5GHz,AMD Radeon R4 Graphics,SSD,21231.5472
Intel Core i7 8550U 1.8GHz,Intel UHD Graphics 620,SSD,58767.84
Intel Core i3 7100U 2.4GHz,Intel HD Graphics 620,HDD,20459.52
Intel Core i7 8550U 1.8GHz,AMD Radeon 520,SSD,40908.384
Intel Core i3 6006U 2GHz,Intel HD Graphics 520,SSD,23389.92
Intel Core i5 7200U 2.5GHz,Intel HD Graphics 620,SSD,31232.2032
Intel Core i7 7700HQ 2.8GHz,Nvidia GeForce GTX 1070,SSD +  HDD,130482.72
Intel Core i3 6006U 2GHz,Intel HD Graphics 520,SSD,22111.2
Intel Core i7 8550U 1.8GHz,AMD Radeon 530,SSD +  HDD,69210.72
Intel Core i5 8250U 1.6GHz,Intel UHD Graphics 620,SSD,46833.12
Intel Core i3 7130U 2.7GHz,Intel HD Graphics 620,SSD,31914.72
Intel Core i5 8250U 1.6GHz,Intel UHD Graphics 620,SSD,50136.48
Intel Core i5 7200U 2.5GHz,Intel HD Graphics 620,SSD,36763.2
Intel Core i7 7700HQ 2.8GHz,Nvidia GeForce GTX 1050 Ti,SSD,105654.24
Intel Core i3 6006U 2GHz,AMD Radeon 520,HDD,23373.4032
Intel Celeron Dual Core N3060 1.6GHz,Intel HD Graphics 400,SSD,12201.12
Intel Core i5 7200U 2.5GHz,Intel HD Graphics 620,HDD,29250.72
Intel Core i7 7700HQ 2.8GHz,Nvidia GeForce GTX 1050 Ti,HDD,50562.72
Intel Core i5 7200U 2.5GHz,Intel HD Graphics 620,SSD,58021.92
Intel Core i7 8550U 1.8GHz,AMD Radeon 530,SSD,50882.4
Intel Core i7 8550U 1.8GHz,AMD Radeon 530,SSD,46353.6
Intel Core i5 7300HQ 2.5GHz,Nvidia GeForce GTX 1050,SSD +  HDD,58341.6
Intel Core i3 6006U 2GHz,Intel HD Graphics 520,HDD,20725.92
Intel Core i7 7700HQ 2.8GHz,Nvidia GeForce GTX 1050,HDD,50562.72
Intel Core i5 7200U 2.5GHz,Intel HD Graphics 620,HDD,27652.32
Intel Core i7 8550U 1.8GHz,Intel UHD Graphics 620,SSD +  HDD,45554.4
Intel Core i3 7130U 2.7GHz,Nvidia GeForce MX130,HDD,28238.4
Intel Core i5 8250U 1.6GHz,Nvidia GeForce 930MX,SSD +  HDD,52054.56
Intel Core i5 8250U 1.6GHz,Intel UHD Graphics 620,SSD,58403.4048
Intel Core i5 1.3GHz,Intel HD Graphics 615,SSD,80452.8
Intel Core i5 8250U 1.6GHz,Intel HD Graphics 620,SSD,45820.8
AMD A6-Series 9220 2.5GHz,AMD R4 Graphics,SSD,21258.72
AMD A9-Series 9420 3GHz,AMD Radeon R5,HDD,21045.6
Intel Core i7 7700HQ 2.8GHz,Nvidia GeForce GTX 1050 Ti,SSD +  HDD,71874.72
Intel Core i7 8550U 1.8GHz,Nvidia GeForce GTX 940MX,SSD,37242.72
Intel Core i5 7200U 2.5GHz,Intel HD Graphics 620,SSD,31914.1872
Intel Core i7 7700HQ 2.8GHz,Nvidia GeForce GTX 1060,SSD +  HDD,77202.72
Intel Core i7 8550U 1.8GHz,Intel UHD Graphics 620,SSD,87858.72
AMD FX 9830P 3GHz,AMD Radeon RX 560,HDD,37242.72
Intel Core i7 8550U 1.8GHz,Nvidia GeForce MX150,HDD,36709.92
Intel Core i7 8550U 1.8GHz,Intel UHD Graphics 620,SSD,63776.16
Intel Core i5 7300HQ 2.5GHz,Nvidia GeForce GTX 1060,SSD,63669.6
Intel Core i7 7500U 2.7GHz,Intel HD Graphics 620,SSD,55890.72
Intel Core i5 8250U 1.6GHz,Intel UHD Graphics 620,SSD,45128.16
Intel Core i7 7500U 2.7GHz,AMD Radeon R5 M430,HDD,31962.672
Intel Core i3 6006U 2GHz,AMD Radeon R5 M430,SSD,25840.8
Intel Core i3 7100U 2.4GHz,Nvidia GeForce 920M,SSD,30742.56
Intel Core i7 7700HQ 2.8GHz,Nvidia GeForce GTX 1050,SSD +  HDD,66546.72
Intel Core i7 7500U 2.7GHz,AMD Radeon 530,SSD,38308.32
AMD E-Series E2-9000e 1.5GHz,AMD Radeon R2,HDD,18594.72
Intel Core i5 8250U 1.6GHz,AMD Radeon 520,HDD,34472.16
Intel Core i7 7500U 2.7GHz,Nvidia GeForce MX150,SSD,59620.32
Intel Core i5 7200U 2.5GHz,Intel HD Graphics 620,SSD,71395.2
Intel Core i5 7200U 2.5GHz,Nvidia GeForce 940MX,SSD,35111.52
Intel Core i3 6006U 2GHz,Intel HD Graphics 520,HDD,22105.872
Intel Core i7 7500U 2.7GHz,Nvidia GeForce 940MX,SSD,63563.04
Intel Core i7 7700HQ 2.8GHz,Nvidia GeForce GTX 1050 Ti,SSD +  HDD,69210.72
Intel Core i7 7500U 2.7GHz,Intel HD Graphics 620,SSD,78854.4
Intel Core i7 8550U 1.8GHz,Nvidia GeForce MX150,SSD +  HDD,67239.36
Intel Core i7 7560U 2.4GHz,Intel Iris Plus Graphics 640,SSD,73473.12
Intel Core i5 7200U 2.5GHz,Intel HD Graphics 620,SSD,74538.72
Intel Core i5 8250U 1.6GHz,Intel UHD Graphics 620,HDD,38468.16
Intel Core i5 8250U 1.6GHz,Intel UHD Graphics 620,SSD,86793.12
Intel Core i7 8550U 1.8GHz,Intel UHD Graphics 620,SSD,57755.52
Intel Core i7 8550U 1.8GHz,Nvidia GeForce 940MX,SSD +  HDD,60223.9824
Intel Core i3 6006U 2GHz,Nvidia GeForce 920MX,HDD,30049.92
Intel Core i7 8550U 1.8GHz,Nvidia GeForce 940MX,SSD,59567.04
Intel Core i3 7100U 2.4GHz,Intel HD Graphics 620,HDD,25521.12
Intel Core i7 7700HQ 2.8GHz,Nvidia GeForce GTX 1070,SSD +  HDD,119427.12
Intel Core i5 7200U 2.5GHz,Nvidia GeForce 940MX,SSD,33513.12
Intel Core i7 8550U 1.8GHz,Nvidia GeForce 930MX ,SSD,67718.88
AMD A9-Series 9420 3GHz,AMD Radeon R5,SSD,24029.28
Intel Core i5 8250U 1.6GHz,Intel UHD Graphics 620,HDD,43263.36
AMD E-Series 6110 1.5GHz,AMD Radeon R2,SSD,14811.3072
Intel Core i7 8550U 1.8GHz,AMD Radeon 530,SSD +  HDD,74378.88
Intel Core i5 8250U 1.6GHz,Intel UHD Graphics 620,SSD,49443.84
Intel Core i5 7200U 2.5GHz,AMD Radeon R7 M445,HDD,34045.3872
Intel Core i3 6006U 2GHz,AMD Radeon R5 M430,HDD,23922.72
Intel Core i7 8550U 1.8GHz,Intel UHD Graphics 620,SSD,47099.52
Intel Core i3 7130U 2.7GHz,Nvidia GeForce MX130,SSD,30476.16
Intel Core i7 7500U 2.7GHz,Intel HD Graphics 620,HDD,31861.44
Intel Core i7 8550U 1.8GHz,Intel UHD Graphics 620,SSD,52640.64
Intel Celeron Dual Core N3350 1.1GHz,Intel HD Graphics 500,HDD,13445.7408
Intel Core i5 7300HQ 2.5GHz,Nvidia GeForce GTX 1050,SSD +  HDD,49976.64
Intel Core i5 7200U 2.5GHz,Nvidia GeForce 920MX,HDD,26586.72
Intel Core i5 7200U 2.5GHz,Intel HD Graphics 620,SSD,37242.72
Intel Core i3 7130U 2.7GHz,Nvidia GeForce MX130,HDD,34898.4
Intel Core i5 8250U 1.6GHz,AMD Radeon RX 550,SSD,59461.5456
Intel Core i7 7700HQ 2.8GHz,Nvidia GeForce GTX 1050M,SSD,46300.32
Intel Core i5 6200U 2.3GHz,Intel HD Graphics 520,HDD,32074.56
AMD A6-Series 9220 2.5GHz,AMD Radeon R4 Graphics,SSD,19660.32
Intel Core i7 8550U 1.8GHz,Intel UHD Graphics 620,SSD,58554.72
Intel Core M 6Y75 1.2GHz,Intel HD Graphics 515,SSD,107305.92
Intel Celeron Dual Core N3350 1.1GHz,Intel HD Graphics 500,HDD,18328.32
Intel Core i3 6006U 2GHz,Intel HD Graphics 520,HDD,23816.16
Intel Core i7 7700HQ 2.8GHz,Nvidia GeForce GTX 1050,SSD,66560.5728
Intel Core i7 7700HQ 2.8GHz,Nvidia GeForce GTX 1050,1.Hybrid,47898.72
Intel Core i5 7200U 2.5GHz,Intel HD Graphics 620,SSD,26533.44
Intel Core i7 7700HQ 2.8GHz,Nvidia GeForce GTX 1060,SSD +  HDD,100699.2
Intel Core i5 7500U 2.7GHz,Intel HD Graphics 620,SSD,57648.96
Intel Core i5 8250U 1.6GHz,AMD Radeon 520,SSD,32980.32
Intel Core i3 7100U 2.4GHz,Intel HD Graphics 620,SSD,33513.12
Intel Core i5 8250U 1.6GHz,Intel HD Graphics 620,SSD,70063.2
Intel Core i7 8550U 1.8GHz,Intel UHD Graphics 620,SSD,55890.72
Intel Core i3 6006U 2.2GHz,Intel HD Graphics 520,HDD,23816.16
AMD A9-Series 9420 3GHz,AMD Radeon R5 M420,HDD,21471.84
Intel Core i5 8250U 1.6GHz,Nvidia GeForce MX150,SSD,42890.4
Intel Core i5 8250U 1.6GHz,AMD Radeon 520,SSD,38787.84
Intel Core i7 7700HQ 2.8GHz,Nvidia GeForce GTX 1050 Ti,SSD,57489.12
Intel Celeron Dual Core N3350 1.1GHz,Intel HD Graphics 500,HDD,18541.44
Intel Core i7 7700HQ 2.8GHz,Nvidia GeForce GTX 1060,SSD +  HDD,95850.72
Intel Pentium Quad Core N4200 1.1GHz,Intel HD Graphics 505,HDD,19367.8128
Intel Core i7 7700HQ 2.8GHz,Nvidia GeForce GTX 1050,SSD +  HDD,56502.9072
Intel Core i5 8250U 1.6GHz,Nvidia GeForce MX150,SSD,45501.12
Intel Core i5 8250U 1.6GHz,Intel UHD Graphics 620,HDD,40173.12
Intel Core i5 7200U 2.5GHz,Intel HD Graphics 620,SSD,71874.72
Intel Core i5 7200U 2.5GHz,AMD Radeon 520,HDD,37242.72
AMD A6-Series 9220 2.9GHz,AMD Radeon R4 Graphics,HDD,16463.52
Intel Core i3 7100U 2.4GHz,Intel HD Graphics 620,HDD,26053.92
Intel Core i5 8250U 1.6GHz,Nvidia GeForce 930MX,SSD,49177.44
Intel Core i3 7100U 2.4GHz,Intel HD Graphics 620,HDD,24455.52
Intel Core i3 6006U 2GHz,Intel HD Graphics 520,SSD,23922.72
Intel Core i7 6920HQ 2.9GHz,Nvidia GTX 980 SLI,SSD +  HDD,149130.72
Intel Core i5 7200U 2.5GHz,AMD R17M-M1-70,SSD +  HDD,43316.64
Intel Core i5 8250U 1.6GHz,Intel UHD Graphics 620,SSD,79866.72
Intel Core i7 8550U 1.8GHz,AMD Radeon 530,SSD +  HDD,55890.72
Intel Core i5 8250U 1.6GHz,Intel UHD Graphics 620,SSD,74538.72
Intel Core i7 8550U 1.8GHz,Intel UHD Graphics 620,SSD,98514.72
Intel Core i5 7200U 2.5GHz,Intel HD Graphics 620,SSD,42251.04
Intel Core i5 8250U 1.6GHz,Nvidia GeForce MX150,SSD,63882.72
Intel Core i7 8550U 1.8GHz,Nvidia GeForce 150MX,SSD,82530.72
Intel Core i7 7700HQ 2.8GHz,Nvidia GeForce GTX 1050,SSD,127712.16
Intel Core i5 7300HQ 2.5GHz,Nvidia GeForce GTX 1050,SSD,41505.12
Intel Core i5 7Y54 1.2GHz,Intel HD Graphics 615,SSD,52693.92
Intel Core i7 8550U 1.8GHz,AMD Radeon 530,SSD +  HDD,57808.8
Intel Celeron Dual Core N3350 1.1GHz,Intel HD Graphics 500,Flash Storage,13852.8
Intel Core i5 7200U 2.5GHz,Nvidia GeForce MX150,SSD,53274.672
Intel Core i5 8250U 1.6GHz,Nvidia GeForce MX150,SSD,37189.44
Intel Core i7 8550U 1.8GHz,Intel UHD Graphics 620,HDD,44701.92
Intel Core i5 8250U 1.6GHz,Nvidia GeForce 930MX,HDD,48697.92
Intel Core i7 7820HK 2.9GHz,Nvidia GeForce GTX 1080,SSD,324954.72
Intel Core i5 8250U 1.6GHz,Intel UHD Graphics 620,SSD,51095.52
Intel Core i7 7700HQ 2.8GHz,Nvidia GeForce GTX 1050,SSD +  HDD,73473.12
Intel Core i7 8550U 1.8GHz,Nvidia GeForce 930MX ,SSD,55677.6
Intel Core i7 7700HQ 2.8GHz,Nvidia GeForce GTX 1060,SSD +  HDD,98301.6
Intel Core i5 6200U 2.3GHz,Intel HD Graphics 520,SSD,26267.04
Intel Core i7 7500U 2.7GHz,Nvidia GeForce 940MX,HDD,39533.76
Intel Core i7 7700HQ 2.8GHz,Nvidia GeForce GTX 1060,SSD +  HDD,93186.72
Intel Xeon E3-1505M V6 3GHz,Nvidia Quadro M1200,SSD +  HDD,162770.4
Intel Core i7 7700HQ 2.8GHz,Nvidia GeForce GTX 1060,SSD,74485.44
Intel Core i3 7100U 2.4GHz,Intel HD Graphics 620,HDD,23389.92
Intel Core i7 8550U 1.8GHz,Intel UHD Graphics 620,SSD,103842.72
Intel Core i7 8550U 1.8GHz,Intel UHD Graphics 620,SSD,77202.72
Intel Core i7 7700HQ 2.8GHz,Nvidia GeForce GTX 1050,HDD,41505.12
Intel Core i7 7700HQ 2.8GHz,Nvidia GeForce GTX 1050,SSD +  HDD,74964.96
Intel Core i3 6006U 2GHz,Intel HD Graphics 520,HDD,18594.72
Intel Core i5 7200U 2.5GHz,Intel HD Graphics 620,SSD,29250.72
Intel Core i7 7500U 2.7GHz,Intel HD Graphics 620,SSD,79866.72
Intel Core i7 8550U 1.8GHz,AMD Radeon 530,SSD,49650.5664
Intel Core i5 7200U 2.5GHz,Nvidia GeForce GTX 940MX,HDD,31381.92
Intel Core i7 8550U 1.8GHz,Nvidia GeForce 930MX,SSD,54931.68
Intel Core i5 8250U 1.6GHz,Intel UHD Graphics 620,SSD,61218.72
Intel Core i7 8550U 1.8GHz,Intel UHD Graphics 620,SSD,68145.12
Intel Core i5 8250U 1.6GHz,AMD Radeon 520,SSD,36089.208
Intel Core i5 8250U 1.6GHz,Intel UHD Graphics 620,SSD,47898.72
Intel Core i7 6500U 2.5GHz,Intel HD Graphics 520,SSD,72620.64
Intel Core i5 8250U 1.6GHz,Intel UHD Graphics 620,HDD,42304.32
Intel Core i7 7700HQ 2.8GHz,Nvidia GeForce GTX 1060,SSD +  HDD,130873.7952
Intel Core i7 7500U 2.7GHz,Nvidia GeForce 940MX,SSD,44328.96
Intel Core i7 7500U 2.7GHz,AMD Radeon R7 M445,HDD,45768.0528
Intel Core i5 7200U 2.5GHz,Nvidia GeForce 920MX ,SSD,40972.32
Intel Core i5 7200U 2.5GHz,Nvidia GeForce GTX 950M,SSD +  HDD,47472.48
Intel Core i7 7500U 2.7GHz,AMD FirePro W4190M ,HDD,67612.32
Intel Core i3 7100U 2.4GHz,Intel HD Graphics 620,HDD,21258.1872
AMD E-Series 9000e 1.5GHz,AMD Radeon R2,HDD,17582.4
Intel Core i7 7700HQ 2.8GHz,Nvidia GeForce GTX 1060,SSD +  HDD,79866.72
Intel Core i5 7200U 2.5GHz,Intel HD Graphics 620,SSD,45767.52
Intel Core i5 6200U 2.3GHz,Intel HD Graphics 520,SSD,36709.92
Intel Core i7 7500U 2.7GHz,AMD Radeon R7 M445,SSD,47898.72
Intel Core i3 6006U 2GHz,Intel HD Graphics 520,HDD,20779.2
AMD A10-Series A10-9620P 2.5GHz,AMD Radeon R5 M430,SSD +  HDD,30636.0
Intel Core i7 7820HK 2.9GHz,Nvidia GeForce GTX 1080,SSD +  HDD,207259.2
Intel Core i5 7300HQ 2.5GHz,Nvidia GeForce GTX 1050,SSD,45074.88
Intel Core i3 6006U 2GHz,Intel HD Graphics 520,SSD,31381.92
Intel Core i7 8550U 1.8GHz,Nvidia GeForce 150MX,SSD +  HDD,61005.6
Intel Core i7 7500U 2.7GHz,Nvidia GeForce GTX 950M,SSD +  HDD,47365.92
Intel Core i5 7300HQ 2.5GHz,Nvidia GeForce GTX 1050,SSD,46833.12
Intel Core i7 7500U 2.7GHz,Intel HD Graphics 620,SSD,57489.12
Intel Core i7 8550U 1.8GHz,AMD Radeon 530,SSD +  HDD,52480.8
Intel Core i5 7200U 2.5GHz,Intel HD Graphics 620,HDD,29783.52
Intel Core i7 7820HK 2.9GHz,Nvidia GeForce GTX 1080,SSD,159786.72
Intel Core i5 8250U 1.6GHz,Intel UHD Graphics 620,HDD,35964.0
Intel Core i5 3.1GHz,Intel Iris Plus Graphics 650,SSD,108691.2
Intel Core i7 8550U 1.8GHz,Intel UHD Graphics 620,HDD,43636.32
Intel Core i7 7700HQ 2.8GHz,Nvidia GeForce GTX 980M,SSD +  HDD,95850.72
AMD A9-Series 9420 3GHz,AMD Radeon R5 M420,HDD,24988.32
Intel Core i7 8550U 1.8GHz,Intel UHD Graphics 620,SSD,98514.72
Intel Core i3 7130U 2.7GHz,Nvidia GeForce MX130,SSD,37402.56
Intel Core i5 8250U 1.6GHz,Intel UHD Graphics 620,SSD,50562.72
AMD A6-Series A6-9220 2.5GHz,AMD Radeon R4 Graphics,SSD,23757.552
Intel Core i7 8550U 1.8GHz,Nvidia GeForce MX150,HDD,56423.52
Intel Core i7 7700HQ 2.8GHz,Nvidia GeForce GTX 1070,SSD +  HDD,133146.72
Intel Core i7 7700HQ 2.8GHz,Nvidia GeForce GTX 1050M,SSD,90522.72
Intel Core i7 8550U 1.8GHz,AMD Radeon 530,SSD +  HDD,60845.76
Intel Core i3 6006U 2GHz,Intel HD Graphics 520,SSD,23656.32
Intel Core i5 8250U 1.6GHz,Intel HD Graphics 620,HDD,38468.16
Intel Core i5 7200U 2.5GHz,Intel HD Graphics 620,HDD,35004.96
Intel Core i5 7200U 2.5GHz,AMD Radeon R5 M430,HDD,30103.2
Intel Core i5 8250U 1.6GHz,Intel UHD Graphics 620,SSD,42570.72
Intel Core i7 8550U 1.8GHz,Intel UHD Graphics 620,SSD +  SSD,79866.72
Intel Core i7 8550U 1.8GHz,Nvidia GeForce 930MX ,HDD,54239.04
Intel Core i7 8550U 1.8GHz,Intel UHD Graphics 620,SSD,46886.4
Intel Core i5 2.9GHz,Intel Iris Graphics 550,SSD,104370.192
AMD Ryzen 1700 3GHz,AMD Radeon RX 580,SSD +  HDD,82530.72
Intel Core i7 8550U 1.8GHz,AMD Radeon 520,SSD,39164.5296
Intel Core i7 6600U 2.6GHz,Intel HD Graphics 520,SSD,133146.72
Intel Core i7 6500U 2.5GHz,Nvidia GeForce 930M,HDD,43263.36
Intel Core i7 7500U 2.7GHz,Intel HD Graphics 620,HDD,37992.3696
Intel Core i7 8550U 1.8GHz,AMD Radeon 530,SSD +  HDD,58554.72
Intel Core i7 8550U 1.8GHz,Nvidia GeForce MX130,HDD,39693.6
Intel Core i3 6006U 2GHz,Intel HD Graphics 520,HDD,26053.92
Intel Core i7 8550U 1.8GHz,Nvidia GeForce MX150,HDD,45234.72
Intel Core i7 7500U 2.7GHz,Nvidia GeForce 940MX,SSD +  HDD,45767.52
Intel Core i3 6006U 2.0GHz,AMD Radeon R5 M430,HDD,22803.84
Intel Core i5 7300HQ 2.5GHz,Nvidia GeForce GTX 1050,SSD,44169.12
Intel Core i5 7200U 2.5GHz,Intel HD Graphics 620,SSD,30849.12
Intel Core i7 8550U 1.8GHz,Nvidia GeForce MX150,SSD,50669.28
Intel Core i7 7500U 2.7GHz,Intel HD Graphics 620,HDD,35111.52
Intel Core i7 7500U 2.7GHz,Intel HD Graphics 630,SSD,58448.16
Intel Core i5 7200U 2.5GHz,Nvidia GeForce 940MX,SSD,52054.56
Intel Core i7 7700HQ 2.8GHz,Nvidia GeForce GTX 1050 Ti,SSD +  HDD,62817.12
Intel Core i7 7500U 2.7GHz,Nvidia GeForce 940MX,HDD,35112.0528
Intel Celeron Dual Core 3205U 1.5GHz,Intel HD Graphics,SSD,10602.72
Intel Core i7 7700HQ 2.8GHz,Nvidia GeForce GTX 1050,HDD,63243.36
Intel Core i3 6006U 2GHz,Intel HD Graphics 520,HDD,26053.92
Intel Core i7 7700HQ 2.8GHz,Nvidia GeForce GTX 1050,SSD,97449.12
Intel Core i5 8250U 1.6GHz,Intel UHD Graphics 620,SSD,39373.92
Intel Core i7 7700HQ 2.8GHz,Nvidia GeForce GTX 1060,HDD,69210.72
Intel Core i7 7700HQ 2.8GHz,Nvidia GeForce GTX 1050 Ti,SSD,52161.12
Intel Core i7 7820HQ 2.9GHz,Nvidia Quadro M1200,SSD,153705.3408
AMD A10-Series 9600P 2.4GHz,AMD Radeon R5 430,HDD,26586.72
Intel Core i7 7500U 2.7GHz,Nvidia GeForce 940MX,SSD,78215.04
Intel Core i3 7100U 2.4GHz,Intel HD Graphics 620,SSD,27119.52
Intel Core i7 7700HQ 2.8GHz,Nvidia GeForce GTX 1070,SSD +  HDD,113060.16
Intel Core i5 7200U 2.5GHz,Nvidia GeForce GTX 940M,HDD,34578.72
Intel Core i5 7200U 2.5GHz,Nvidia GeForce 940MX,HDD,29250.72
Intel Core i7 7700HQ 2.8GHz,Nvidia GeForce GTX 1050 Ti,SSD +  HDD,67399.2
Intel Pentium Quad Core N4200 1.1GHz,Intel HD Graphics 505,HDD,19180.2672
Intel Core i7 7600U 2.8GHz,Intel HD Graphics 620,SSD,105228.0
Intel Core i7 6500U 2.5GHz,Nvidia GeForce 930M,SSD,55571.04
Intel Core i5 7200U 2.5GHz,Nvidia GeForce 940MX,SSD +  HDD,43636.32
Intel Core i3 6006U 2GHz,Intel HD Graphics 520,HDD,24988.32
Intel Core i5 7200U 2.5GHz,Intel HD Graphics 620,SSD,53226.72
Intel Core i7 8550U 1.8GHz,Intel UHD Graphics 620,SSD,133146.72
Intel Core i7 7700HQ 2.8GHz,Nvidia GeForce GTX 1070,SSD +  HDD,111834.72
AMD A8-Series 7410 2.2GHz,AMD Radeon R5,SSD,24988.32
Intel Celeron Dual Core N3350 1.1GHz,Intel HD Graphics 500,Flash Storage,14652.0
Intel Core i5 8250U 1.6GHz,AMD Radeon 530,SSD +  HDD,44968.32
Intel Core i7 8550U 1.8GHz,Intel UHD Graphics 620,SSD,130482.72
Intel Celeron Dual Core 3855U 1.6GHz,Intel HD Graphics 510,Flash Storage,24503.472
Intel Core i5 7200U 2.5GHz,Intel HD Graphics 620,SSD,52214.4
Intel Pentium Quad Core N3710 1.6GHz,Intel HD Graphics 405,Flash Storage,25840.8
Intel Core i7 7500U 2.7GHz,Intel HD Graphics 620,SSD,68837.76
Intel Core i5 7200U 2.5GHz,Nvidia GeForce 920MX,HDD,31381.92
Intel Core i7 7500U 2.7GHz,Intel HD Graphics 620,SSD,58288.32
Intel Core i7 8550U 1.8GHz,Intel UHD Graphics 620,HDD,48058.56
AMD A12-Series 9720P 2.7GHz,AMD Radeon RX 540,SSD,35111.52
Intel Celeron Dual Core N3350 1.1GHz,Intel HD Graphics 500,Flash Storage,15557.76
Intel Core i5 7200U 2.5GHz,Intel HD Graphics 620,HDD,29250.72
Intel Core i7 7500U 2.7GHz,Nvidia GeForce 940MX,SSD,55938.672
Intel Core i7 7500U 2.7GHz,Intel HD Graphics 620,SSD,71128.8
Intel Core i7 7700HQ 2.8GHz,Nvidia GeForce GTX 1050,SSD,140605.92
Intel Core i7 7700HQ 2.8GHz,Nvidia GeForce GTX 1050 Ti,SSD +  HDD,63882.72
Intel Core i5 7200U 2.5GHz,Intel HD Graphics 620,SSD,50243.04
Intel Core i7 7500U 2.7GHz,Intel HD Graphics 620,SSD +  HDD,71075.52
Intel Core i3 6006U 2GHz,Intel HD Graphics 520,HDD,23922.72
Intel Core i7 7700HQ 2.8GHz,Nvidia GeForce GTX 1050,SSD,53226.72
Intel Core i5 7300U 2.6GHz,Intel HD Graphics 620,SSD,67559.04
Intel Core i5 7200U 2.5GHz,Intel HD Graphics 620,SSD,60952.32
Intel Celeron Dual Core N3350 1.1GHz,Intel HD Graphics 500,HDD,14651.4672
Intel Core i5 8250U 1.6GHz,Nvidia GeForce 940MX,SSD,60885.72
Intel Celeron Dual Core N3060 1.6GHz,Intel HD Graphics,HDD,14646.672
AMD A12-Series 9720P 3.6GHz,AMD Radeon 530,HDD,47898.72
Intel Core i3 7100U 2.4GHz,Nvidia GeForce 930MX ,HDD,38148.48
Intel Core i7 8550U 1.8GHz,Intel UHD Graphics 620,SSD,111834.72
Intel Core i7 8550U 1.8GHz,Intel UHD Graphics 620,SSD,84129.12
Intel Core i7 7700HQ 2.8GHz,Nvidia GeForce GTX 1050 Ti,SSD +  HDD,60153.12
Intel Celeron Dual Core N3060 1.6GHz,Intel HD Graphics 400,Flash Storage,14865.12
Intel Core i7 8650U 1.9GHz,Intel UHD Graphics 620,SSD +  SSD,85672.1088
Intel Celeron Dual Core N3350 1.1GHz,Intel HD Graphics 500,Flash Storage,19980.0
Intel Core i5 8250U 1.6GHz,AMD Radeon 530,HDD,35324.64
Intel Core i7 7500U 2.7GHz,Intel HD Graphics 620,SSD,69477.12
Intel Core i7 7700HQ 2.8GHz,Nvidia GeForce GTX 1060,SSD +  HDD,75071.52
Intel Core i7 7700HQ 2.8GHz,Nvidia Quadro M1200,SSD,92615.0256
Intel Core i7 6500U 2.5GHz,Nvidia GeForce 930M,SSD,74751.84
Intel Core i7 8550U 1.8GHz,AMD Radeon 530,SSD +  HDD,51729.552
Intel Celeron Dual Core N3350 1.1GHz,Intel HD Graphics 500,HDD,17155.6272
Intel Core i5 7300HQ 2.5GHz,Nvidia GeForce GTX 1050,HDD,53226.72
Intel Core i5 7200U 2.5GHz,Intel HD Graphics 620,HDD,29696.6736
Intel Core i5 7300U 2.6GHz,Intel HD Graphics 620,SSD,76030.56
Intel Core i3 6006U 2GHz,Intel HD Graphics 520,HDD,23389.92
Intel Core i5 7200U 2.5GHz,Intel HD Graphics 620,SSD,50349.6
Intel Core i5 7200U 2.5GHz,Nvidia GeForce GTX 940MX,SSD +  HDD,38308.32
Intel Core i5 7200U 2.5GHz,Intel HD Graphics 620,HDD,34045.92
Intel Core i3 6006U 2GHz,Nvidia GeForce 920MX ,SSD,26586.72
Intel Pentium Quad Core N3710 1.6GHz,Intel HD Graphics 405,HDD,20725.92
Intel Core i5 8250U 1.6GHz,AMD Radeon 530,SSD +  HDD,57808.8
Intel Core i5 7300HQ 2.5GHz,Nvidia GeForce GTX 1050,SSD +  HDD,43103.52
Intel Core i7 7500U 2.7GHz,AMD Radeon R7 M445,SSD,47898.72
Intel Core i7 7500U 2.7GHz,Intel HD Graphics 620,SSD,93240.0
Intel Core i7 7500U 2.7GHz,Nvidia GeForce GT 940MX,SSD +  HDD,58554.72
AMD A9-Series 9420 3GHz,AMD Radeon R5,SSD,22697.28
AMD Ryzen 1700 3GHz,AMD Radeon RX 580,SSD +  HDD,117162.72
AMD A8-Series 7410 2.2GHz,AMD Radeon R5,SSD,26053.92
Intel Core i7 8550U 1.8GHz,Intel UHD Graphics 620,SSD,46300.8528
AMD A9-Series 9420 3GHz,AMD Radeon R5,SSD,26053.3872
Intel Celeron Quad Core N3450 1.1GHz,Intel HD Graphics 500,SSD,29463.84
Intel Celeron Dual Core N3060 1.60GHz,Intel HD Graphics 400,HDD,16463.52
Intel Celeron Dual Core N3350 1.1GHz,Intel HD Graphics 500,Flash Storage,15238.08
Intel Core i7 7700HQ 2.8GHz,Nvidia GeForce GTX 1050,HDD,45074.88
Intel Core i7 7700HQ 2.8GHz,Nvidia GeForce GTX 1050,SSD +  HDD,63456.48
Intel Core i3 6006U 2GHz,Intel HD Graphics 520,SSD,21498.48
Intel Core i7 7700HQ 2.8GHz,Nvidia GeForce GTX 1060,SSD +  HDD,88178.4
Intel Core i5 7200U 2.5GHz,Nvidia GeForce 940MX,SSD,58554.72
Intel Core i7 7500U 2.7GHz,Intel HD Graphics 620,SSD,93181.392
Intel Core i7 7500U 2.7GHz,Intel HD Graphics 620,SSD,121584.96
Intel Core i3 7100U 2.4GHz,Intel HD Graphics 620,SSD,29250.72
Intel Core i5 6440HQ 2.6GHz,AMD FirePro W5130M,HDD,72940.32
Intel Core i7 6820HQ 2.7GHz,Nvidia Quadro M1200,SSD,113752.8
Intel Core i7 7500U 2.7GHz,Intel HD Graphics 620,SSD,133679.52
Intel Core i7 7700HQ 2.8GHz,Nvidia GeForce GTX 1050,HDD,55357.92
Intel Core i7 7700HQ 2.8GHz,Nvidia GeForce GTX 1050 Ti,SSD +  HDD,84768.48
Intel Core i5 8250U 1.6GHz,Nvidia GeForce MX130,HDD,36975.7872
Intel Core i7 7700HQ 2.8GHz,Nvidia GeForce GTX 1050 Ti,SSD,71874.72
Intel Core i7 7500U 2.7GHz,AMD Radeon R7 M445,SSD,41498.1936
AMD A9-Series 9420 3GHz,AMD Radeon 520,SSD,26586.72
Intel Core i7 8550U 1.8GHz,AMD Radeon RX 550,SSD,65510.9568
Intel Core i5 7200U 2.5GHz,Intel HD Graphics 620,SSD,49976.64
Intel Core i7 7700HQ 2.8GHz,Nvidia Quadro M1200,SSD,144495.36
Intel Core i7 7500U 2.7GHz,Intel HD Graphics 620,SSD,139860.0
Intel Celeron Dual Core N3350 1.1GHz,Intel HD Graphics 500,HDD,16303.68
Intel Core i7 7700HQ 2.8GHz,Nvidia GeForce GTX 1050,SSD +  HDD,81465.12
Intel Core i5 8250U 1.6GHz,AMD Radeon RX 550,SSD +  HDD,60978.96
Intel Core i7 7700HQ 2.8GHz,Nvidia GeForce GTX 1050,SSD,46833.12
Intel Core i7 7700HQ 2.8GHz,Nvidia GeForce GTX 1070,SSD +  HDD,119826.72
Intel Core i7 7500U 2.7GHz,Intel HD Graphics 620,SSD,99793.44
Intel Core i7 6500U 2.5GHz,Intel HD Graphics 520,SSD,93080.16
Intel Core i7 7600U 2.8GHz,Intel HD Graphics,SSD,89510.4
Intel Core i3 6006U 2GHz,Intel HD Graphics 520,HDD,21791.52
Intel Celeron Dual Core N3350 1.1GHz,Intel HD Graphics 500,Flash Storage,16221.096
Intel Core i7 7700HQ 2.8GHz,Nvidia Quadro M1200,SSD,102564.0
Intel Core i7 7700HQ 2.8GHz,Nvidia GeForce GT 940MX,SSD,103523.04
Intel Core i3 6006U 2GHz,AMD Radeon 520,HDD,24988.32
Intel Core i7 6500U 2.5GHz,Intel HD Graphics 520,SSD,42038.4528
Intel Core i5 7200U 2.5GHz,Intel HD Graphics 620,SSD,49443.84
Intel Core i5 7200U 2.5GHz,AMD Radeon R5 M430,SSD,31909.392
Intel Core i3 6006U 2GHz,Intel HD Graphics 520,SSD,36709.92
Intel Core i7 6500U 2.5GHz,Intel HD Graphics 520,SSD,79920.0
Intel Core i5 7200U 2.5GHz,Intel HD Graphics 620,HDD,28768.536
Intel Core i7 8550U 1.8GHz,AMD Radeon RX 550,SSD,64755.4464
Intel Core i7 7700HQ 2.8GHz,Nvidia GeForce GTX 1050,SSD,101178.72
Intel Celeron Quad Core N3450 1.1GHz,Intel HD Graphics 500,Flash Storage,23922.72
Intel Core i7 7820HQ 2.9GHz,Intel HD Graphics 630,SSD,76030.56
Intel Core i3 7100U 2.4GHz,Nvidia GeForce 940MX,HDD,31808.16
Intel Core i7 7820HK 2.9GHz,Nvidia GeForce GTX 1070,SSD +  HDD,149130.72
Intel Core i7 7700HQ 2.8GHz,Nvidia GeForce GTX 1050 Ti,SSD +  HDD,61751.52
Intel Core i7 8550U 1.8GHz,AMD Radeon 530,SSD +  HDD,60867.072
Intel Core i7 7600U 2.8GHz,Intel HD Graphics 620,SSD,58554.72
Intel Core i7 7700HQ 2.8GHz,Nvidia GeForce GTX 1070,SSD +  HDD,106506.72
Intel Celeron Dual Core N3350 1.1GHz,Intel HD Graphics 500,SSD,15930.72
Intel Celeron Dual Core N3060 1.6GHz,Intel HD Graphics 400,Flash Storage,14332.32
Intel Core i7 7500U 2.7GHz,Intel HD Graphics 620,SSD,53812.8
Intel Core i3 7130U 2.7GHz,Intel HD Graphics 620,SSD,31914.72
Intel Core i7 7600U 2.8GHz,Nvidia GeForce 940MX,SSD,130269.6
Intel Core i7 7820HQ 2.9GHz,Nvidia Quadro M2200M,SSD,130482.72
AMD Ryzen 1600 3.2GHz,AMD Radeon RX 580,SSD +  HDD,90309.6
Intel Celeron Dual Core N3060 1.6GHz,Intel HD Graphics 400,HDD,18488.16
Intel Core i7 7Y75 1.3GHz,Intel HD Graphics 615,SSD,117162.72
Intel Core i7 7500U 2.7GHz,Intel HD Graphics 620,SSD,126912.96
Intel Core i5 7200U 2.5GHz,Intel HD Graphics 620,SSD,29783.52
AMD A6-Series 9220 2.5GHz,AMD Radeon R4,HDD,27652.32
Intel Core i5 8250U 1.6GHz,AMD Radeon 530,SSD,39906.72
Intel Core i5 7200U 2.5GHz,Intel HD Graphics 620,SSD,76137.12
Intel Pentium Quad Core N4200 1.1GHz,Intel HD Graphics 505,SSD,18594.72
Intel Core i7 7700HQ 2.8GHz,Nvidia GeForce GTX 1050,SSD +  HDD,58554.72
Intel Core i5 7440HQ 2.8GHz,Nvidia GeForce 930MX,SSD,62817.12
Intel Core i5 7200U 2.5GHz,Intel HD Graphics 620,HDD,23539.104
Intel Xeon E3-1505M V6 3GHz,Nvidia Quadro M620,Flash Storage +  HDD,106187.04
Intel Core i5 7300HQ 2.5GHz,Nvidia GeForce GTX 1050,SSD,54757.9872
Intel Core i7 7660U 2.5GHz,Intel Iris Plus Graphics 640,SSD,137941.92
Intel Core i5 7200U 2.5GHz,Intel HD Graphics 620,SSD,31381.92
Intel Core i7 6820HQ 2.7GHz,Nvidia Quadro M620,SSD,105228.0
Intel Core i7 7820HQ 2.9GHz,Intel HD Graphics 620,SSD,81731.52
Intel Core i5 7200U 2.5GHz,Intel HD Graphics 620,SSD,71661.6
Intel Core i7 8550U 1.8GHz,AMD Radeon 530,SSD +  HDD,52161.12
Intel Pentium Quad Core N3710 1.6GHz,Intel HD Graphics 405,HDD,25521.12
Intel Core i7 7700HQ 2.7GHz,Nvidia GeForce GTX 1060,HDD,109010.88
Intel Core M m3-7Y30 2.2GHz,Intel HD Graphics 615,SSD,52693.92
Intel Core i7 7660U 2.5GHz,Intel Iris Plus Graphics 640,SSD,95850.72
Intel Core i3 6006U 2GHz,Intel HD Graphics 520,SSD,34093.872
Intel Core i3 6006U 2GHz,Nvidia GeForce 940MX,HDD,28984.32
Intel Celeron Dual Core N3060 1.6GHz,Intel HD Graphics 400,SSD,23176.8
Intel Core i5 7200U 2.5GHz,Intel HD Graphics 620,HDD,39906.72
Intel Core i7 7500U 2.7GHz,AMD Radeon R7 M460,SSD,42570.72
Intel Core i7 7820HQ 2.9GHz,Nvidia Quadro M2200M,SSD,111355.2
Intel Pentium Quad Core N4200 1.1GHz,Intel HD Graphics 500,HDD,16197.12
Intel Core i3 6006U 2GHz,Nvidia GeForce GTX 940MX,HDD,24988.32
Intel Core i5 8250U 1.6GHz,AMD Radeon 530,HDD,40439.52
Intel Core i7 7700HQ 2.8GHz,Nvidia GeForce GTX 1060,HDD,90522.72
Intel Core i7 6600U 2.6GHz,Intel HD Graphics 520,SSD,98994.24
Intel Core i7 8550U 1.8GHz,Intel UHD Graphics 620,SSD,106506.72
Intel Core i5 7200U 2.5GHz,AMD FirePro W4190M ,HDD,61485.12
Intel Core i5 7Y57 1.2GHz,Intel HD Graphics 615,SSD,67932.0
Intel Core i5 8250U 1.6GHz,Intel UHD Graphics 620,SSD,98133.768
Intel Core i7 6700HQ 2.6GHz,Intel HD Graphics 530,SSD +  HDD,69210.72
Intel Core i3 6100U 2.3GHz,Intel HD Graphics 520,SSD,39427.2
Intel Core i7 7700HQ 2.8GHz,Nvidia Quadro M1200,SSD,128298.24
Intel Core i5 7200U 2.5GHz,Intel HD Graphics 620,SSD,72673.92
Intel Core i5 7200U 2.5GHz,Intel HD Graphics 620,SSD,89084.16
Intel Core i7 8550U 1.8GHz,Nvidia GeForce 940MX,SSD,67239.36
Intel Core i3 7100U 2.4GHz,Intel HD Graphics 620,HDD,31254.048
Intel Core i5 8250U 1.6GHz,Intel UHD Graphics 620,SSD,38681.28
Intel Atom x5-Z8350 1.44GHz,Intel HD Graphics,Flash Storage,13261.392
Intel Core i3 6006U 2.0GHz,Intel HD Graphics 520,SSD,30103.2
Intel Core i5 8250U 1.6GHz,Intel UHD Graphics 620,SSD,55890.72
Intel Core i7 6820HQ 2.7GHz,Nvidia Quadro M620,SSD,124568.64
Intel Core i7 7700HQ 2.8GHz,Nvidia GeForce GTX 1050,SSD,101178.72
Intel Core i7 7500U 2.7GHz,Intel HD Graphics 620,SSD,95797.44
Intel Core i7 7500U 2.7GHz,Intel HD Graphics 620,SSD,103896.0
Intel Core i5 7200U 2.5GHz,Nvidia GeForce 940MX,SSD,53918.8272
Intel Core i7 7500U 2.7GHz,Intel HD Graphics 620,SSD,149130.72
Intel Core i7 7700HQ 2.8GHz,Nvidia GeForce GTX 1050,SSD +  HDD,71928.0
AMD A10-Series 9620P 2.5GHz,AMD Radeon RX 540,HDD,30849.12
Intel Core i7 6700HQ 2.6GHz,Nvidia GeForce GTX 965M,SSD +  HDD,67612.32
Intel Core i5 6200U 2.3GHz,Intel HD Graphics 520,SSD,58554.72
Intel Core i7 8550U 1.8GHz,Intel UHD Graphics 620,SSD,47893.392
Intel Core i7 7600U 2.8GHz,Intel HD Graphics 620,SSD,93186.72
Intel Core i3 7100U 2.4GHz,Intel HD Graphics 620,SSD,50562.72
Intel Core i5 7200U 2.5GHz,Intel HD Graphics 620,SSD,48538.08
Intel Celeron Dual Core N3350 1.1GHz,Intel HD Graphics 500,Flash Storage,18115.2
Intel Core i5 7200U 2.5GHz,AMD Radeon 520,SSD,32979.7872
Intel Core i5 8250U 1.6GHz,Intel UHD Graphics 620,SSD,85194.72
Intel Celeron Dual Core N3350 1.1GHz,Intel HD Graphics 500,HDD,15930.72
Intel Celeron Dual Core N3060 1.6GHz,Intel HD Graphics 400,SSD,14119.2
Intel Core i5 7200U 2.5GHz,Intel HD Graphics 620,SSD,50562.72
Intel Core i7 7500U 2.7GHz,Intel HD Graphics 620,SSD +  HDD,65214.72
Intel Core i5 8250U 1.6GHz,Nvidia GeForce MX150,HDD,32660.64
Intel Core i7 7500U 2.7GHz,Intel HD Graphics 620,SSD,70489.44
Intel Core i7 7700HQ 2.8GHz,Nvidia GeForce GTX 1060,SSD +  HDD,61218.72
Intel Core i5 7200U 2.5GHz,Intel HD Graphics 620,SSD,47898.72
Intel Core i7 7500U 2.7GHz,Nvidia GeForce 940MX,HDD,34045.92
Intel Core i5 7200U 2.5GHz,Intel HD Graphics 620,HDD,44542.08
Intel Core i7 8550U 1.8GHz,AMD Radeon 530,SSD +  HDD,64961.1072
Intel Core i7 8550U 1.8GHz,Nvidia GeForce MX150,SSD,74589.336
Intel Celeron Dual Core N3350 1.1GHz,Intel HD Graphics 500,Flash Storage,13053.6
Intel Core i5 8250U 1.6GHz,Intel UHD Graphics 620,HDD,27783.9216
Intel Core i7 7700HQ 2.8GHz,Nvidia GeForce GTX1080,SSD,158135.04
Intel Core i5 7200U 2.5GHz,Nvidia GeForce 930MX,SSD,47365.92
Intel Core i7 7700HQ 2.8GHz,Nvidia GeForce GTX1050 Ti,SSD +  HDD,80133.12
Intel Core i7 7700HQ 2.8GHz,Nvidia GeForce GTX 1060,SSD +  HDD,74538.72
Intel Core i7 7500U 2.7GHz,Intel HD Graphics 620,SSD,74538.72
Intel Core i5 7300U 2.6GHz,Intel HD Graphics 620,SSD,68184.0144
Intel Core i3 6006U 2GHz,Intel HD Graphics 520,SSD,36709.92
Intel Core i5 8250U 1.6GHz,AMD Radeon 530,SSD +  HDD,47365.92
Intel Core i5 6200U 2.3GHz,Intel HD Graphics 520,SSD,71395.2
Intel Core i7 7500U 2.7GHz,Nvidia GeForce 920MX,HDD,42570.72
Intel Core i3 6006U 2GHz,Nvidia GeForce 920MX ,HDD,24455.52
Intel Core i5 7200U 2.5GHz,AMD Radeon R5 M430,HDD,31168.8
Intel Core i5 7440HQ 2.8GHz,Intel HD Graphics 620,SSD,73366.56
Intel Core i7 7700HQ 2.8GHz,Nvidia GeForce GTX 1070,SSD +  HDD,160520.3856
Intel Core i5 7200U 2.5GHz,Intel HD Graphics 620,HDD,45820.8
Intel Core i7 7500U 2.7GHz,Nvidia GeForce GTX 960M,SSD +  HDD,69210.72
Intel Celeron Quad Core N3450 1.1GHz,Intel HD Graphics 500,SSD,19660.32
Intel Core i5 7300HQ 2.5GHz,Nvidia GeForce GTX 1060,SSD +  HDD,87858.72
Intel Core i7 7600U 2.8GHz,Nvidia GeForce 930MX,SSD,72940.32
Intel Core i5 8250U 1.6GHz,AMD Radeon 530,SSD,42486.0048
Intel Pentium Quad Core N3710 1.6GHz,Intel HD Graphics 405,SSD,21258.1872
Intel Core i7 7700HQ 2.8GHz,Nvidia GeForce GTX 1060,HDD,95850.72
Intel Core i7 7500U 2.7GHz,Nvidia GeForce 940MX,SSD,45767.52
Intel Core i7 8550U 1.8GHz,Intel UHD Graphics 620,SSD,74538.72
Intel Core i3 6006U 2GHz,Intel HD Graphics 520,SSD,39207.1536
Intel Core i7 7500U 2.7GHz,Intel HD Graphics 620,SSD,61005.6
Intel Core i5 7300HQ 2.5GHz,Nvidia GeForce GTX 1050,HDD,42517.44
AMD E-Series 7110 1.8GHz,AMD Radeon R2 Graphics,HDD,18594.72
Intel Core i3 7100U 2.4GHz,Intel HD Graphics 620,SSD,37589.04
Intel Core i5 7200U 2.5GHz,Intel HD Graphics 620,HDD,41824.8
Intel Core i5 6200U 2.3GHz,Intel HD Graphics 520,HDD,24634.008
Intel Core i3 6006U 2GHz,Intel HD Graphics 520,HDD,21152.16
Intel Core i7 7500U 2.7GHz,Intel HD Graphics 620,SSD,92121.12
Intel Core i3 6006U 2GHz,Intel HD Graphics 520,SSD,26586.72
Intel Core i5 7200U 2.5GHz,Intel HD Graphics 620,SSD,59513.2272
Intel Core i7 7700HQ 2.8GHz,Nvidia GeForce GTX 1070,SSD +  HDD,143802.72
Intel Core i3 6006U 2GHz,Intel HD Graphics 520,HDD,28992.312
Intel Core i7 7500U 2.7GHz,Nvidia GeForce 930MX,HDD,68198.4
Intel Celeron Dual Core N3350 1.1GHz,Intel HD Graphics 500,HDD,11934.72
Intel Atom x5-Z8350 1.44GHz,Intel HD Graphics,Flash Storage,13586.4
Intel Core i7 7500U 2.7GHz,Nvidia GeForce 940MX,SSD +  HDD,50562.72
AMD A10-Series A10-9620P 2.5GHz,AMD Radeon 530,SSD,30310.992
Intel Core i3 6006U 2GHz,AMD Radeon R5 M420,HDD,32921.712
Intel Celeron Dual Core N3350 2.0GHz,Intel HD Graphics 500,Flash Storage,18594.72
Intel Core i3 7130U 2.7GHz,Intel HD Graphics 620,SSD,33566.4
Intel Core M 6Y75 1.2GHz,Intel HD Graphics 515,SSD,104695.2
Intel Core i7 7700HQ 2.8GHz,Nvidia Quadro M620M,SSD,159786.72
Intel Core i5 7300HQ 2.5GHz,Nvidia GeForce GTX 1050,SSD +  HDD,44701.92
Intel Core i5 8250U 1.6GHz,Intel UHD Graphics 620,SSD,85194.72
Intel Core i5 7300U 2.6GHz,Intel HD Graphics 620,HDD,51095.52
Intel Pentium Quad Core N4200 1.1GHz,Intel HD Graphics 505,HDD,18328.32
Intel Core i5 7200U 2.5GHz,Intel HD Graphics 620,HDD,52747.2
Intel Core i5 7440HQ 2.8GHz,Nvidia Quadro M1200,HDD,99153.5472
Intel Pentium Quad Core N3710 1.6GHz,Intel HD Graphics 405,HDD,20725.92
AMD A9-Series A9-9420 3GHz,AMD Radeon 530,SSD,34578.72
Intel Core i5 7200U 2.5GHz,Intel HD Graphics 620,SSD,44222.4
Intel Core i5 8250U 1.6GHz,Intel HD Graphics 620,HDD,36496.8
Intel Atom x5-Z8350 1.44GHz,Intel HD Graphics,SSD,13266.72
Intel Core i7 7500U 2.7GHz,Intel HD Graphics 620,SSD,99367.2
Intel Core i7 6820HK 2.7GHz,Nvidia GeForce GTX 1070,SSD +  HDD,141884.64
Intel Core i7 7820HK 2.9GHz,Nvidia GeForce GTX 1070,SSD +  HDD,145401.12
Intel Core i7 7500U 2.7GHz,AMD Radeon R5 M430,SSD,39907.2528
Intel Celeron Quad Core N3450 1.1GHz,Intel HD Graphics 500,SSD,20725.92
Intel Core i5 7300U 2.6GHz,Intel HD Graphics 620,HDD,53733.9456
Intel Core i3 7100U 2.4GHz,Intel HD Graphics 620,SSD,38308.32
Intel Core i7 7600U 2.8GHz,Nvidia GeForce 930MX,SSD,81912.1392
Intel Celeron Dual Core N3060 1.6GHz,Intel HD Graphics 400,Flash Storage,15717.6
Intel Core i7 6820HK 2.7GHz,Nvidia GeForce GTX 980M,SSD +  HDD,125154.72
Intel Core i7 7700HQ 2.8GHz,Nvidia GeForce GTX 1050,SSD +  HDD,79813.44
Intel Core i7 6600U 2.6GHz,Intel HD Graphics 520,SSD,89137.44
Intel Core i7 8550U 1.8GHz,Intel HD Graphics 620,HDD,32447.52
Intel Core i5 7300HQ 2.5GHz,Nvidia GeForce GTX 1060,SSD +  HDD,94305.6
Intel Core i5 7200U 2.5GHz,Intel HD Graphics 520,HDD,39373.92
AMD A12-Series 9720P 3.6GHz,AMD Radeon 530,SSD,50562.72
Intel Core M 7Y30 1.0GHz,Intel HD Graphics 615,SSD,32127.84
Intel Core i7 7700HQ 2.8GHz,Nvidia GeForce GTX 1050,SSD +  HDD,90522.72
Intel Core i3 6006U 2GHz,Intel HD Graphics 520,HDD,28185.12
Intel Core i3 6100U 2.3GHz,Intel HD Graphics 520,HDD,24455.52
Intel Core i7 7500U 2.7GHz,Intel HD Graphics 620,SSD,107892.0
Intel Core i5 7300HQ 2.5GHz,Intel HD Graphics 630,SSD,78534.72
Intel Core i5 7200U 2.5GHz,Intel HD Graphics 620,SSD,88977.6
Intel Core i7 7700HQ 2.8GHz,Nvidia Quadro M620,SSD,93932.64
Intel Core i7 7500U 2.7GHz,Intel HD Graphics 620,SSD,64948.32
Intel Core i3 7100U 2.4GHz,Intel HD Graphics 620,HDD,35616.6144
Intel Celeron Quad Core N3450 1.1GHz,Intel HD Graphics 500,Flash Storage,17529.12
Intel Core i7 6820HK 2.7GHz,Nvidia GeForce GTX 970M,SSD +  HDD,117162.72
Intel Core i3 6006U 2GHz,AMD Radeon R5 M420,HDD,24775.2
Intel Core i7 7700HQ 2.8GHz,Nvidia GeForce GTX 1060,SSD +  HDD,122490.72
Intel Core i7 6500U 2.5GHz,Intel HD Graphics 520,SSD,74538.72
Intel Core i5 7200U 2.5GHz,Intel HD Graphics 620,HDD,30049.92
Intel Core i7 7700HQ 2.8GHz,Intel HD Graphics 630,SSD,69210.72
Intel Pentium Quad Core N3710 1.6GHz,Intel HD Graphics 405,Flash Storage,18594.72
Intel Xeon E3-1535M v6 3.1GHz,Nvidia Quadro M2200M,SSD,261018.72
Intel Core i7 6700HQ 2.6GHz,Nvidia GeForce GTX 960<U+039C>,HDD,46833.6528
Intel Core i3 6006U 2.0GHz,Intel HD Graphics 520,HDD,23650.992
Intel Core i3 6006U 2.0GHz,Intel HD Graphics 520,HDD,19127.52
Intel Core i5 7300U 2.6GHz,Intel HD Graphics 620,HDD,46300.32
Intel Core i7 7700HQ 2.8GHz,Nvidia GeForce GTX 1050,SSD +  HDD,62231.04
Intel Core i7 7500U 2.7GHz,Intel HD Graphics 620,SSD,74005.92
Intel Core i7 7700HQ 2.8GHz,Nvidia GeForce GTX 1070,SSD +  HDD,120831.5808
Intel Celeron Quad Core N3160 1.6GHz,Intel HD Graphics 400,Flash Storage,20193.12
Intel Core i5 7300U 2.6GHz,Intel HD Graphics 620,SSD,59886.72
Intel Core i5 6200U 2.3GHz,Intel HD Graphics 520,SSD,78055.2
Intel Core i5 8250U 1.6GHz,AMD Radeon 530,HDD,41345.28
Intel Core i5 7200U 2.5GHz,Intel HD Graphics 620,SSD,42570.72
Intel Core i5 6200U 2.3GHz,Intel HD Graphics 520,HDD,49656.96
Intel Atom x5-Z8350 1.44GHz,Intel HD Graphics,Flash Storage,12733.92
Intel Core i5 7200U 2.5GHz,Intel HD Graphics 620,SSD,24935.04
Intel Core i5 7200U 2.5GHz,Intel HD Graphics 620,HDD,34046.4528
Intel Core i7 7500U 2.7GHz,Intel HD Graphics 620,SSD,101232.0
Intel Core i7 7700HQ 2.8GHz,Nvidia GeForce GTX 1050 Ti,SSD +  HDD,78801.12
Intel Core i5 8250U 1.6GHz,Intel UHD Graphics 620,SSD,44169.12
Intel Core i3 6006U 2GHz,Nvidia GeForce 920MX ,HDD,30849.12
Intel Celeron Dual Core N3350 1.1GHz,Intel HD Graphics 500,HDD,21258.72
Intel Core i5 7300HQ 2.5GHz,Nvidia GeForce GTX 1050,HDD,48304.7136
Intel Core i5 8250U 1.6GHz,Intel UHD Graphics 620,SSD,99580.32
Intel Celeron Dual Core N3060 1.6GHz,Intel HD Graphics 400,Flash Storage,13266.72
Intel Core i7 7500U 2.7GHz,Intel HD Graphics 620,SSD,93635.3376
Intel Core i7 7700HQ 2.8GHz,Nvidia GeForce GTX 1050,SSD,127818.72
Intel Core i7 7700HQ 2.8GHz,Nvidia GeForce GTX 1050M,SSD +  HDD,59087.52
AMD A9-Series 9420 3GHz,AMD Radeon R5,HDD,27753.552
Intel Core i7 7500U 2.7GHz,Intel HD Graphics 620,SSD,130536.0
Intel Core i7 7700HQ 2.8GHz,Nvidia GeForce GTX 1050 Ti,HDD,62284.32
Intel Core i3 6006U 2GHz,Intel HD Graphics 520,HDD,23976.0
Intel Celeron Dual Core N3060 1.6GHz,Intel HD Graphics,Flash Storage,14598.72
Intel Core i5 7200U 2.5GHz,Intel Graphics 620,SSD,48964.32
Intel Core i7 7700HQ 2.8GHz,Nvidia GeForce GTX 1060,SSD,138474.72
Intel Core i5 6200U 2.3GHz,Intel HD Graphics 520,SSD,64628.64
Intel Core i7 7500U 2.7GHz,Intel HD Graphics 620,SSD,84395.52
Intel Core i7 6820HK 2.7GHz,Nvidia GeForce GTX 1080,SSD,149130.72
Intel Core i5 7300HQ 2.5GHz,Nvidia GeForce GTX 1050,HDD,37775.52
Intel Core i5 8250U 1.6GHz,Intel UHD Graphics 620,SSD,77250.672
Intel Core i7 7700HQ 2.8GHz,Nvidia GeForce GTX 1050 Ti,SSD +  HDD,63499.104
Intel Core i3 6006U 2GHz,Intel HD Graphics 520,HDD,19441.872
Intel Core i5 7200U 2.5GHz,Intel HD Graphics 620,HDD,56689.92
Intel Core i7 8550U 1.8GHz,AMD Radeon 530,SSD,48964.32
Intel Core i7 8550U 1.8GHz,AMD Radeon 530,SSD +  HDD,60472.8
Intel Core i7 6700HQ 2.6GHz,Nvidia GeForce GTX 960,SSD +  HDD,63722.88
Intel Core i7 7700HQ 2.8GHz,Nvidia GeForce GTX 1070,SSD +  HDD,167691.8736
Intel Core i5 6300U 2.4GHz,Intel HD Graphics 520,SSD,65481.12
Intel Celeron Dual Core N3350 1.1GHz,Intel HD Graphics 500,HDD,22324.32
Intel Core i5 6200U 2.3GHz,Intel HD Graphics 520,HDD,28504.8
Intel Core i3 6006U 2GHz,AMD Radeon R5 M430,HDD,28717.92
Intel Core i7 7700HQ 2.8GHz,Nvidia GeForce GTX 1060,SSD +  HDD,79215.1056
Intel Core i3 6100U 2.1GHz,Intel HD Graphics 520,SSD,26533.44
Intel Core i7 7500U 2.7GHz,AMD Radeon 530,HDD,39693.6
Intel Core i5 7200U 2.5GHz,Intel HD Graphics 620,SSD,67026.24
Intel Core i3 6006U 2GHz,Intel HD Graphics 520,SSD,21951.36
Intel Core i7 7600U 2.8GHz,Intel Iris Plus Graphics 640,SSD,99519.048
Intel Core i5 7200U 2.5GHz,AMD Radeon R5 M430,SSD +  HDD,43580.376
Intel Core i5 7200U 2.5GHz,Intel HD Graphics 620,SSD,55091.52
AMD E-Series E2-9000 2.2GHz,AMD Radeon R2 Graphics,SSD,18594.72
Intel Core i3 7100U 2.4GHz,Nvidia GeForce 940MX,SSD,37242.72
Intel Core i7 7700HQ 2.8GHz,Nvidia GeForce GTX 1050,SSD +  HDD,68944.32
Intel Core i5 7200U 2.5GHz,Intel HD Graphics 620,SSD,60472.8
Intel Celeron Dual Core N3350 1.1GHz,Intel HD Graphics 500,Flash Storage,26373.6
Intel Core i7 8550U 1.8GHz,Intel HD Graphics 620,SSD,122490.72
Intel Core i5 7300HQ 2.5GHz,Nvidia GeForce GTX 1050 Ti,SSD,69210.72
Intel Core i5 7300HQ 2.5GHz,Nvidia GeForce GTX 1050,SSD,53168.112
Intel Celeron Dual Core N3350 1.1GHz,Intel HD Graphics 500,SSD,22324.32
Intel Core i5 7300HQ 2.5GHz,Nvidia GeForce GTX 1060,SSD +  HDD,109277.28
Intel Core i3 6006U 2GHz,AMD Radeon R5 520,SSD,37242.72
Intel Core i7 8550U 1.8GHz,Intel UHD Graphics 620,SSD,79866.72
Intel Core i7 7820HK 2.9GHz,Nvidia GeForce GTX 1070,SSD +  HDD,149916.6
Intel Core i5 7200U 2.5GHz,AMD Radeon 520,HDD,32639.8608
Intel Core i3 6006U 2GHz,AMD Radeon R5 M430,HDD,29073.2976
AMD A10-Series 9600P 2.4GHz,AMD Radeon R7 M440,HDD,30316.32
Intel Celeron Dual Core 3855U 1.6GHz,Intel HD Graphics 510,HDD,16943.04
Intel Celeron Dual Core 3855U 1.6GHz,Intel HD Graphics 510,Flash Storage,19980.0
Intel Core i5 7200U 2.5GHz,Intel HD Graphics 620,SSD,37242.72
Intel Core i7 7700HQ 2.8GHz,Nvidia Quadro M1200,HDD,101657.7072
Intel Core i7 7500U 2.7GHz,Intel HD Graphics 620,SSD,137995.2
Intel Core i5 7200U 2.5GHz,Intel HD Graphics 620,SSD,51841.44
Intel Celeron Dual Core N3050 1.6GHz,Intel HD Graphics,Flash Storage,14332.32
Intel Core i7 7500U 2.7GHz,Intel HD Graphics 620,SSD,93186.72
Intel Core M M3-6Y30 0.9GHz,Intel HD Graphics 515,Flash Storage,35644.32
Intel Core i7 6500U 2.5GHz,Intel HD Graphics 520,SSD,100006.56
Intel Core i5 7300HQ 2.5GHz,Nvidia GeForce GTX 1050,HDD,43636.32
AMD A9-Series 9420 2.9GHz,AMD Radeon 530,SSD,21258.72
AMD A12-Series 9720P 3.6GHz,AMD Radeon R7,HDD,22857.12
Intel Core i5 7200U 2.5GHz,Intel HD Graphics 620,HDD +  HDD,33110.856
Intel Core i3 6006U 2GHz,Intel HD Graphics 520,HDD,23976.0
Intel Core i5 7200U 2.5GHz,Intel HD Graphics 620,SSD,42357.6
Intel Core i5 8250U 1.6GHz,Intel UHD Graphics 620,SSD,53226.72
Intel Core i7 6500U 2.5GHz,Nvidia Quadro M520M,SSD,98834.4
Intel Core i5 6300HQ 2.3GHz,Intel HD Graphics 520,SSD,63456.48
AMD A10-Series 9620P 2.5GHz,AMD Radeon 530,HDD,34898.9328
Intel Core i7 7700HQ 2.8GHz,Nvidia GeForce GTX 1050 Ti,SSD +  HDD,66546.72
Intel Core i5 7440HQ 2.8GHz,Nvidia GeForce 930MX,SSD,58021.92
Intel Core i5 7200U 2.5GHz,Intel HD Graphics 620,HDD,38681.28
Intel Celeron Dual Core N3350 1.1GHz,Intel HD Graphics 500,Flash Storage,15877.44
Intel Core i5 7300U 2.6GHz,Intel HD Graphics 620,SSD,76012.4448
Intel Core i5 7200U 2.5GHz,Nvidia GeForce 920MX,SSD,45664.6896
Intel Core i5 7300U 2.6GHz,Intel HD Graphics 620,SSD,62817.12
AMD A6-Series 7310 2GHz,AMD Radeon R4,HDD,15877.44
Intel Atom Z8350 1.92GHz,Intel HD Graphics 400,HDD,14119.2
Intel Core i7 7500U 2.7GHz,Nvidia GeForce 930MX,SSD,63936.0
Intel Core i7 6500U 2.5GHz,Intel HD Graphics 520,SSD,89864.1792
Intel Core i5 7200U 2.5GHz,Intel HD Graphics 620,SSD,44574.048
Intel Core i5 7200U 2.5GHz,Intel HD Graphics 620,SSD,79866.72
Intel Core i7 7700HQ 2.8GHz,Nvidia GeForce GTX 1070,SSD +  HDD,194972.832
Intel Core i7 7700HQ 2.8GHz,Nvidia GeForce GTX 1050 Ti,SSD +  HDD,71847.0144
Intel Core i5 7200U 2.5GHz,Intel HD Graphics 620,HDD,26101.872
Intel Core i3 7100U 2.4GHz,Intel HD Graphics 620,HDD,34578.72
Intel Core i5 7200U 2.5GHz,AMD Radeon R7 M445,HDD,31409.6256
AMD A9-Series 9420 3GHz,AMD Radeon 520,HDD,26053.92
Intel Core i7 6700HQ 2.6GHz,Nvidia GeForce GTX 1060,SSD +  HDD,103096.8
Intel Core i5 7200U 2.5GHz,Intel HD Graphics 620,HDD,34578.72
AMD A9-Series A9-9420 3GHz,AMD Radeon 520,SSD +  HDD,34632.0
Intel Core i5 7200U 2.5GHz,Intel HD Graphics 620,HDD,29783.52
Intel Core i5 7200U 2.5GHz,Intel HD Graphics 620,SSD,51148.8
Intel Core i7 7500U 2.7GHz,Intel HD Graphics 620,HDD,41505.12
Intel Core i7 7700HQ 2.8GHz,Nvidia Quadro M2200,SSD,128884.32
Intel Core i5 8250U 1.6GHz,Intel UHD Graphics 620,HDD,35111.52
Intel Core i7 7700HQ 2.8GHz,Nvidia GeForce GTX 1060,SSD +  HDD,111593.8944
Intel Core i3 6006U 2GHz,Intel HD Graphics 520,HDD,21887.424
Intel Core i7 7500U 2.7GHz,Nvidia GeForce 940MX,SSD +  HDD,64308.96
Intel Core i3 6006U 2GHz,Intel HD Graphics 520,SSD,35431.2
Intel Core i5 7200U 2.5GHz,Intel HD Graphics 620,SSD,81784.8
Intel Core i5 7200U 2.5GHz,Intel HD Graphics 620,SSD,53226.72
Intel Core i7 7600U 2.8GHz,Nvidia Quadro M520M,SSD,175770.72
Intel Celeron Dual Core N3060 1.6GHz,Intel HD Graphics 400,Flash Storage,17582.4
Intel Core i7 7500U 2.7GHz,Intel HD Graphics 620,SSD,87858.72
Intel Core i5 7200U 2.5GHz,Intel HD Graphics 620,SSD,60031.1088
Intel Xeon E3-1535M v5 2.9GHz,Nvidia Quadro M2000M,SSD,233845.92
Intel Celeron Dual Core N3060 1.6GHz,Intel HD Graphics 400,SSD,25308.0
Intel Core i5 6300U 2.4GHz,Intel HD Graphics 520,SSD,101232.0
Intel Core i5 6300HQ 2.3GHz,Nvidia GeForce GTX 950M,HDD,30849.12
Intel Core i7 7500U 2.7GHz,Intel HD Graphics 620,SSD,45282.672
Intel Core i5 6260U 1.8GHz,Intel HD Graphics 540,SSD,63882.72
Intel Core i5 7300HQ 2.5GHz,Nvidia GeForce GTX 1050,SSD +  HDD,58554.72
Intel Core i7 6700HQ 2.6GHz,Nvidia Quadro M1000M,SSD,83170.08
Intel Core i7 7700HQ 2.8GHz,Nvidia GeForce GTX 1070,SSD +  HDD,152859.7872
Intel Core i5 7200U 2.5GHz,Intel HD Graphics 620,SSD,31914.72
Intel Core i7 7700HQ 2.8GHz,Nvidia GeForce GTX 1050,SSD +  HDD,55837.44
Intel Core i7 7600U 2.8GHz,Intel HD Graphics 620,SSD,99047.52
Intel Core i5 7Y57 1.2GHz,Intel HD Graphics 615,SSD,83063.52
Intel Core i5 7200U 2.5GHz,Intel HD Graphics 620,SSD,60153.12
Intel Core i3 6006U 2GHz,Intel HD Graphics 520,HDD,45234.72
Intel Core i5 6200U 2.3GHz,Intel HD Graphics 520,SSD,34898.4
Intel Pentium Quad Core N4200 1.1GHz,Nvidia GeForce 920MX,HDD,25059.7152
Intel Core i7 6700HQ 2.6GHz,Nvidia GeForce GTX 960M,SSD +  HDD,58554.72
Intel Core i7 7500U 2.7GHz,Intel HD Graphics 620,SSD,85194.72
Intel Pentium Quad Core N4200 1.1GHz,Intel HD Graphics 505,HDD,15877.44
Intel Core i7 7500U 2.7GHz,AMD Radeon R7 M445,?,62938.0656
Intel Core i7 7500U 2.7GHz,AMD Radeon 540,SSD,95850.72
Intel Core i5 6200U 2.3GHz,Intel HD Graphics 520,SSD,54345.6
Intel Core i7 7700HQ 2.8GHz,Nvidia GeForce GTX 1050,HDD,58554.72
Intel Core i7 7500U 2.7GHz,Nvidia GeForce 940MX,HDD,44701.92
Intel Core i7 6820HQ 2.7GHz,Nvidia Quadro M2000M,SSD,126273.6
Intel Core i3 7100U 2.4GHz,Intel HD Graphics 620,SSD,33886.08
Intel Core i7 7700HQ 2.8GHz,Nvidia GeForce GTX 1060,SSD,154458.72
Intel Pentium Dual Core N4200 1.1GHz,Intel HD Graphics 505,SSD,31003.632
Intel Core i7 7700HQ 2.8GHz,Nvidia GeForce GTX 1070M,SSD +  HDD,191211.264
Intel Core i7 6700HQ 2.6GHz,Nvidia GeForce GTX 1070,SSD +  HDD,125208.0
Intel Core i7 6600U 2.6GHz,Nvidia GeForce 930M,SSD,93985.92
Intel Celeron Quad Core N3710 1.6GHz,Intel HD Graphics 405,HDD,17529.12
Intel Core i7 7500U 2.7GHz,Intel HD Graphics 620,SSD,122490.72
Intel Core i7 7700HQ 2.8GHz,Nvidia GeForce GTX 1060,SSD +  HDD,100752.48
Intel Core i5 7300HQ 2.5GHz,Nvidia GeForce GTX 1050,SSD +  HDD,58021.92
Intel Core i7 7700HQ 2.8GHz,Nvidia GeForce GTX 1050,HDD,53226.72
Intel Core i7 7700HQ 2.8GHz,Nvidia GeForce GTX 1060,SSD +  HDD,122490.72
Intel Core i5 7300HQ 2.5GHz,Nvidia GeForce GTX 1050,SSD,52480.8
Intel Core i7 7700HQ 2.8GHz,Nvidia GeForce GTX1060,SSD +  HDD,71341.92
Intel Celeron Dual Core N3350 1.1GHz,Intel HD Graphics 500,Flash Storage,10810.512
Intel Core i7 7500U 2.7GHz,Intel HD Graphics 620,SSD,104961.6
Intel Core i5 7200U 2.5GHz,AMD Radeon R7 M460,SSD,51095.52
Intel Core M 1.2GHz,Intel HD Graphics 5300,Flash Storage,62071.2
Intel Core i5 7200U 2.5GHz,Intel HD Graphics 620,SSD,124142.4
Intel Celeron Dual Core N3350 1.1GHz,Intel HD Graphics 500,Flash Storage,15930.72
Intel Core i5 7200U 2.5GHz,Intel HD Graphics 620,SSD,43156.8
Intel Core i7 7500U 2.7GHz,Intel HD Graphics 620,SSD,71874.72
Intel Core i3 6006U 2GHz,AMD Radeon R5 M420X,SSD,39373.92
Intel Core i7 7700HQ 2.8GHz,Nvidia Quadro M2200,SSD,110017.872
Intel Core i5 7200U 2.5GHz,Intel HD Graphics 620,SSD,58554.72
Intel Core i5 7200U 2.5GHz,Intel HD Graphics 620,SSD,79866.72
Intel Core i5 7300HQ 2.5GHz,Nvidia GeForce GTX 1050,SSD,93186.72
Intel Pentium Quad Core N4200 1.1GHz,Intel HD Graphics 505,SSD,39640.32
Intel Core i5 7300U 2.6GHz,Intel HD Graphics 620,SSD,74005.92
Intel Core i5 6200U 2.3GHz,Intel HD Graphics 520,HDD,41558.4
AMD A12-Series 9700P 2.5GHz,AMD Radeon R7 Graphics,HDD,33513.12
Intel Core i7 7700HQ 2.8GHz,Nvidia GeForce GTX 1050 Ti,SSD,89457.12
Intel Core i5 7200U 2.5GHz,Nvidia GeForce 920M,HDD,32447.52
Intel Core i7 7700HQ 2.8GHz,AMD Radeon RX 580,HDD,93186.72
Intel Core i7 7700HQ 2.8GHz,Nvidia GeForce GTX 1070,SSD +  HDD,128671.2
Intel Core i5 7200U 2.5GHz,Intel HD Graphics 620,SSD,79866.72
Intel Core i7 7500U 2.7GHz,Nvidia GeForce GT 940MX,HDD,51202.08
Intel Core i5 7200U 2.5GHz,AMD Radeon R5 M420,SSD,42081.0768
Intel Core i7 7500U 2.7GHz,Intel HD Graphics 620,SSD,99047.52
Intel Core i7 7500U 2.5GHz,Intel HD Graphics 620,SSD,95850.72
Intel Celeron Dual Core N3060 1.6GHz,Intel HD Graphics 400,Flash Storage,20512.8
Intel Core i7 7700HQ 2.8GHz,Nvidia GeForce GTX 1060,SSD +  HDD,133467.4656
Intel Core i5 6200U 2.3GHz,Intel HD Graphics 520,HDD,40226.4
Intel Core i3 6006U 2GHz,Intel HD Graphics 520,HDD,26101.872
Intel Core i5 7200U 2.5GHz,Intel HD Graphics 620,SSD,58075.2
Intel Core i7 7500U 2.7GHz,Intel HD Graphics 620,SSD,133146.72
Intel Core i5 7300HQ 2.5GHz,Nvidia GeForce GTX 1050,SSD,63882.72
Intel Core i5 7200U 2.5GHz,Intel HD Graphics 620,Flash Storage,99900.0
Intel Pentium Dual Core 4405U 2.1GHz,Intel HD Graphics 510,SSD,26586.72
Intel Core i5 7200U 2.5GHz,Intel HD Graphics 620,SSD,72354.24
Intel Core i3 6006U 2GHz,Intel HD Graphics 520,HDD,31168.8
Intel Celeron Dual Core N3060 1.6GHz,Intel HD Graphics 400,Flash Storage,18914.4
Intel Core i3 7100U 2.4GHz,Intel HD Graphics 620,SSD,32980.32
Intel Core i7 7820HK 2.9GHz,Nvidia GeForce GTX 1080,SSD,292986.72
Intel Core i7 6600U 2.6GHz,Intel HD Graphics 520,SSD,111834.72
Intel Core i5 7200U 2.5GHz,Nvidia GeForce 920,HDD,27652.32
Intel Core i5 6200U 2.3GHz,Intel HD Graphics 520,SSD,63190.08
Intel Core i5 7300U 2.6GHz,Intel HD Graphics 620,SSD,87912.0
Intel Core i7 7700HQ 2.8GHz,Nvidia GeForce GTX 1070,SSD +  HDD,147832.2864
Intel Core i7 7700HQ 2.8GHz,Nvidia GeForce GTX 1070,SSD +  HDD,128884.32
Intel Core i3 7100U 2.4GHz,Intel HD Graphics 620,HDD,35644.32
Intel Celeron Quad Core N3160 1.6GHz,Intel HD Graphics 400,Flash Storage,17316.0
Intel Core i5 7200U 2.5GHz,Intel HD Graphics 620,HDD,31435.2
Intel Core i7 6700HQ 2.6GHz,Nvidia GeForce GTX 1060,SSD +  HDD,95850.72
Intel Core i7 7700HQ 2.8GHz,Nvidia GeForce GTX 1070,SSD +  HDD,163723.5792
Intel Core i5 7200U 2.5GHz,Nvidia GeForce 930MX,HDD,48484.8
Intel Core i5 7200U 2.5GHz,Intel HD Graphics 620,SSD,38041.3872
Intel Core i7 6500U 2.5GHz,Intel HD Graphics 520,SSD,99633.6
Intel Core i7 7500U 2.7GHz,AMD Radeon R5 M420,SSD,39373.92
Intel Celeron Dual Core N3350 1.1GHz,Intel HD Graphics 500,Flash Storage,32767.2
Intel Core i5 6200U 2.3GHz,Nvidia GeForce 940M,SSD,54665.28
Intel Core i5 7200U 2.5GHz,Intel HD Graphics 620,SSD,121318.56
Intel Core i7 6500U 2.5GHz,Intel HD Graphics 520,SSD,78215.04
Intel Celeron Dual Core N3060 1.6GHz,Intel HD Graphics 400,SSD,15930.72
Intel Core i7 7700HQ 2.8GHz,Nvidia GeForce GTX 1060,SSD +  HDD,101178.72
Intel Core i7 7500U 2.7GHz,AMD Radeon R7 M445,HDD,46087.2
Intel Core i7 7700HQ 2.8GHz,Nvidia GeForce GT 940MX,SSD,101391.84
Intel Core i7 7500U 2.7GHz,Nvidia GeForce GTX 930MX,SSD,41931.36
Intel Core i5 7200U 2.5GHz,Intel HD Graphics 620,SSD,50349.6
Intel Pentium Quad Core N4200 1.1GHz,Intel HD Graphics 505,HDD,23922.72
Intel Core i7 7600U 2.8GHz,Intel HD Graphics 620,SSD,136343.52
Intel Core i5 6200U 2.3GHz,Intel HD Graphics 520,HDD,34578.72
Intel Core i3 6006U 2.0GHz,Intel HD Graphics 520,HDD,24988.32
Intel Core i5 7200U 2.5GHz,Intel HD Graphics 620,HDD,45323.1648
Intel Core i5 7300U 2.6GHz,AMD Radeon R7 M465,SSD,71874.72
Intel Core i5 7200U 2.5GHz,Intel HD Graphics 620,SSD,68464.8
Intel Core i5 7300HQ 2.5GHz,Nvidia GeForce GTX 1050,HDD,54185.76
Intel Core i7 7660U 2.5GHz,Intel Iris Plus Graphics 640,SSD,119347.2
Intel Core i5 6200U 2.3GHz,Intel HD Graphics 520,HDD,48484.8
Intel Core i5 6200U 2.3GHz,Intel HD Graphics 520,SSD,58341.6
Intel Core i7 7500U 2.7GHz,Intel HD Graphics 620,SSD,103896.0
Intel Core i5 7200U 2.5GHz,Intel HD Graphics 620,SSD,48058.56
Intel Core i7 7700HQ 2.8GHz,Nvidia Quadro M620,HDD,94731.84
Intel Core i5 7200U 2.5GHz,Intel HD Graphics 620,HDD,56210.4
Intel Core i3 6006U 2GHz,AMD Radeon R5 M430,HDD,25521.12
Intel Core i7 7500U 2.7GHz,Intel HD Graphics 620,SSD,73952.64
Intel Core i3 7100U 2.4GHz,Intel HD Graphics 620,SSD,39160.8
Intel Core i7 7500U 2.7GHz,Nvidia GeForce 940MX,SSD,98514.72
Intel Core i7 7600U 2.8GHz,Intel HD Graphics 620,SSD,90043.2
Intel Pentium Quad Core N4200 1.1GHz,Intel HD Graphics 505,HDD,21258.1872
Intel Core i5 6200U 2.3GHz,Nvidia GeForce 940MX,SSD,49816.8
Intel Core i5 7200U 2.5GHz,Nvidia GeForce 940MX,SSD +  HDD,48618.0
Intel Core i5 7200U 2.5GHz,Intel HD Graphics 620,SSD,44701.92
Intel Core i5 7200U 2.5GHz,Intel HD Graphics 620,SSD,90576.0
Intel Core i5 7200U 2.5GHz,Intel HD Graphics 620,HDD,36486.144
Intel Celeron Dual Core N3350 1.1GHz,Intel HD Graphics 500,Flash Storage,18541.44
Intel Core i7 6500U 2.5GHz,Nvidia GeForce 940MX,HDD,35644.32
Intel Pentium Quad Core N3710 1.6GHz,Intel HD Graphics,HDD,19660.32
Intel Core i5 7200U 2.5GHz,Intel HD Graphics 620,SSD,95850.72
Intel Core i3 6006U 2.0GHz,AMD Radeon R5 M420X,HDD,24279.696
Intel Core i5 7300HQ 2.5GHz,Nvidia GeForce GTX 1050,SSD +  HDD,72988.272
Intel Celeron Dual Core N3060 1.6GHz,Intel HD Graphics 400,Flash Storage,15824.16
AMD A4-Series 7210 2.2GHz,AMD Radeon R3,HDD,20193.12
Intel Core i5 7200U 2.5GHz,Intel HD Graphics 620,SSD,67399.2
Intel Core i7 7500U 2.7GHz,Intel HD Graphics 620,SSD,74538.72
Intel Core i7 7500U 2.7GHz,Intel HD Graphics 620,SSD,90522.72
Intel Core i5 7200U 2.5GHz,Intel HD Graphics 620,SSD,95850.72
Intel Core i7 6700HQ 2.6GHz,Nvidia GeForce GTX 1060,SSD +  HDD,141138.72
Intel Core i5 7200U 2.5GHz,Intel HD Graphics 620,SSD,78588.0
Intel Core i7 7700HQ 2.8GHz,Nvidia GeForce GTX 1050Ti,HDD,49497.12
Intel Core i7 7500U 2.7GHz,Nvidia GeForce 930MX,HDD,47952.0
Intel Core i3 6006U 2.0GHz,AMD Radeon R5 M420X,HDD,32713.92
Intel Core i5 7300U 2.6GHz,Intel HD Graphics 620,HDD,49816.8
Intel Core i7 7Y75 1.3GHz,Intel HD Graphics 615,SSD,107257.968
Intel Core i7 6820HK 2.7GHz,Nvidia GeForce GTX 980M,SSD +  SSD,68145.12
Intel Core i7 7Y75 1.3GHz,Intel HD Graphics 615,SSD,87858.72
Intel Core i7 7500U 2.7GHz,Intel HD Graphics 620,Flash Storage,109170.72
Intel Core i5 7200U 2.5GHz,Intel HD Graphics 620,SSD,104588.1072
Intel Core i7 7500U 2.7GHz,Intel HD Graphics 620,SSD,111834.72
Intel Core i7 7500U 2.7GHz,Intel HD Graphics 620,SSD,79014.24
Intel Celeron Dual Core 3205U 1.5GHz,Intel HD Graphics,Flash Storage,19127.52
Intel Core i5 6300HQ 2.3GHz,Nvidia GeForce GTX 960M,SSD +  HDD,42037.92
Intel Core i7 7500U 2.7GHz,Intel HD Graphics 620,SSD,101178.72
Intel Core i5 7440HQ 2.8GHz,Intel HD Graphics 620,SSD,64202.4
Intel Core M 6Y75 1.2GHz,Intel HD Graphics 515,SSD,165168.0
Intel Core i7 7500U 2.7GHz,Nvidia GeForce 940MX,SSD,42037.92
Intel Core i7 7500U 2.7GHz,Nvidia GeForce 930MX,SSD,54291.7872
Intel Core i3 7100U 2.4GHz,Intel HD Graphics 620,HDD,26586.72
Intel Core i5 7200U 2.5GHz,Intel HD Graphics 620,SSD,46939.68
Intel Core i5 7200U 2.5GHz,Intel HD Graphics 620,SSD,51148.8
Intel Core i7 7700HQ 2.8GHz,Nvidia GeForce GTX 1050 Ti,SSD +  HDD,85194.72
Intel Core i7 7700HQ 2.8GHz,Nvidia GeForce GTX 1050 Ti,SSD +  HDD,71874.72
Intel Core i5 7300HQ 2.5GHz,Nvidia GeForce GTX 1050,SSD +  HDD,59668.8048
Intel Core i5 7200U 2.5GHz,AMD Radeon R5 M420,HDD,36496.2672
Intel Core i7 6500U 2.5GHz,AMD Radeon R7 M365X,SSD,69103.6272
Intel Core i5 7200U 2.5GHz,Intel HD Graphics 620,SSD,97236.0
Intel Core i5 6200U 2.3GHz,Intel HD Graphics 520,HDD,38889.072
Intel Core i7 7500U 2.7GHz,Intel HD Graphics 620,SSD,87912.0
Intel Core i5 6200U 2.3GHz,Intel HD Graphics 520,SSD,62071.2
Intel Core i5 7200U 2.5GHz,Intel HD Graphics 620,HDD,37725.4368
Intel Core i5 6200U 2.3GHz,Intel HD Graphics 520,HDD,61218.72
Intel Pentium Quad Core N4200 1.1GHz,Intel HD Graphics 505,HDD,16463.52
Intel Core i5 6200U 2.3GHz,Intel HD Graphics 520,HDD,84129.12
Intel Celeron Dual Core N3060 1.6GHz,Intel HD Graphics 400,HDD,15392.592
Intel Core i7 6560U 2.2GHz,Intel Iris Graphics 540,SSD,95850.72
Intel Core i5 6200U 2.3GHz,Intel HD Graphics 520,SSD,58874.4
Intel Core i5 6200U 2.3GHz,Intel HD Graphics 520,SSD,88924.32
Intel Core i3 6006U 2.0GHz,Intel HD Graphics 520,HDD,29762.208
Intel Core i7 7700HQ 2.8GHz,Nvidia GeForce GTX 1050,SSD +  HDD,63882.72
Intel Core i7 6820HK 2.7GHz,Nvidia GeForce GTX 1080,SSD +  HDD,146946.24
Intel Core i5 6300HQ 2.3GHz,Nvidia GeForce GTX 965M,SSD +  HDD,74538.72
Intel Pentium Quad Core N3710 1.6GHz,Nvidia GeForce 920MX,HDD,28238.4
Intel Core i5 7200U 2.5GHz,Intel HD Graphics 620,HDD,32980.32
Intel Core i5 6200U 2.3GHz,Intel HD Graphics 520,SSD,59620.32
Intel Core M m7-6Y75 1.2GHz,Intel HD Graphics 515,SSD,69210.72
AMD FX 8800P 2.1GHz,AMD Radeon R9 M385,SSD +  HDD,53226.72
Intel Core i5 7200U 2.5GHz,Intel HD Graphics,SSD,78438.816
Intel Core i7 7500U 2.7GHz,Nvidia GeForce 920MX,HDD,36496.8
Intel Core i3 6006U 2.0GHz,AMD Radeon R7 M445,HDD,35111.52
Intel Celeron Dual Core N3060 1.6GHz,Intel HD Graphics 400,Flash Storage,18594.72
Intel Core i7 6820HQ 2.7GHz,Nvidia Quadro M1000M,SSD,119826.72
Intel Core i7 7600U 2.8GHz,Intel HD Graphics 620,SSD,94572.0
Intel Core i5 6200U 2.3GHz,Intel HD Graphics 520,SSD,77788.8
Intel Core M M7-6Y75 1.2GHz,Intel HD Graphics 515,Flash Storage,61751.52
Intel Core i7 6600U 2.6GHz,Intel HD Graphics 520,SSD,79333.3872
Intel Core i7 7700HQ 2.8GHz,Nvidia GeForce GTX 1070,SSD +  HDD,168045.12
Intel Core i5 7Y54 1.2GHz,Intel HD Graphics 615,SSD,101178.72
Intel Pentium Quad Core N4200 1.1GHz,Intel HD Graphics 505,SSD,41292.0
Intel Core i7 6500U 2.5GHz,Intel HD Graphics 520,SSD,67559.04
Intel Celeron Dual Core N3060 1.6GHz,Intel HD Graphics 400,Flash Storage,20725.92
Intel Core i5 6300U 2.4GHz,Intel HD Graphics 520,SSD,81784.8
Intel Core i5 7300U 2.6GHz,Intel HD Graphics 620,SSD,93772.8
Intel Core i5 7200U 2.5GHz,Nvidia GeForce GTX 950M,SSD +  HDD,53759.52
Intel Core i7 7500U 2.7GHz,Intel HD Graphics 620,SSD,95371.2
Intel Core i5 7200U 2.50GHz,Nvidia GeForce 930MX,HDD,45101.52
Intel Core i3 6006U 2.0GHz,AMD Radeon R5 M430,HDD,24808.2336
Intel Core i5 7200U 2.5GHz,Intel HD Graphics 620,HDD,43956.0
Intel Core i3 7100U 2.4GHz,Intel HD Graphics 620,HDD,36496.8
Intel Core i7 7700HQ 2.8GHz,Nvidia GeForce GTX 1070,SSD +  HDD,167778.72
Intel Core i5 7200U 2.5GHz,Nvidia GeForce 920MX,SSD,37029.6
Intel Core i7 7Y75 1.3GHz,Intel HD Graphics 615,SSD,101178.72
Intel Core i7 6600U 2.6GHz,Intel HD Graphics 520,SSD,104587.5744
Intel Core i7 6700HQ 2.6GHz,Nvidia GeForce GTX 1070,SSD +  HDD,149184.0
Intel Core i5 6200U 2.3GHz,Intel HD Graphics 520,SSD,62870.4
Intel Core i7 7700HQ 2.8GHz,Nvidia GeForce GTX 1060,SSD +  HDD,109218.672
Intel Core i5 7200U 2.70GHz,Nvidia GeForce 930MX,SSD +  HDD,52161.12
Intel Core i5 6200U 2.3GHz,Intel HD Graphics 520,Hybrid,53386.56
Intel Core i7 7500U 2.7GHz,Nvidia GeForce GTX 950M,SSD +  HDD,95850.72
Intel Core i7 7700HQ 2.8GHz,Nvidia GeForce GTX 1050 Ti,SSD +  HDD,93186.72
Intel Core i7 7500U 2.7GHz,Intel HD Graphics 620,SSD,69210.72
Intel Core i5 6200U 2.3GHz,Intel HD Graphics 520,SSD,63669.6
AMD A12-Series 9720P 3.6GHz,AMD Radeon 530,SSD,29250.72
Intel Core i5 6200U 2.3GHz,Intel HD Graphics 520,SSD,34578.72
Intel Core i5 6200U 2.3GHz,Intel HD Graphics 520,HDD,48751.2
Intel Core i5 7200U 2.5GHz,AMD Radeon R5 M430,HDD,31914.72
Intel Core i5 7200U 2.5GHz,Intel HD Graphics 620,HDD,42943.68
Intel Core i7 7700HQ 2.8GHz,Nvidia GeForce GTX 1060,SSD +  HDD,63349.92
Intel Core i7 7500U 2.7GHz,AMD Radeon R7 M445,HDD,39906.72
Intel Core i5 7200U 2.5GHz,Intel HD Graphics 620 ,SSD,59620.32
Intel Core M 6Y75 1.2GHz,Intel HD Graphics 515,SSD,101658.24
Intel Core i3 6006U 2GHz,AMD Radeon 520,SSD +  HDD,26586.72
Intel Celeron Dual Core N3350 1.1GHz,Intel HD Graphics 500,SSD,14418.6336
Intel Core i5 6200U 2.3GHz,Intel HD Graphics 520,SSD,71874.72
Intel Core i5 7200U 2.5GHz,Intel HD Graphics 620,SSD,61272.0
Intel Core i7 7500U 2.7GHz,Intel HD Graphics 620,SSD,71874.72
Intel Pentium Quad Core N4200 1.1GHz,Intel HD Graphics 505,HDD,20246.4
Intel Core i7 7700HQ 2.8GHz,Nvidia GeForce GTX 1050 Ti,SSD +  HDD,95850.72
Intel Core i7 7500U 2.7GHz,Intel HD Graphics 620,SSD,111301.92
Intel Core i7 7700HQ 2.8GHz,Nvidia GeForce GTX 1050,SSD +  HDD,67132.8
Intel Core i5 7200U 2.5GHz,Intel HD Graphics 620,SSD,63349.92
Intel Core i3 7100U 2.4GHz,Intel HD Graphics 620,SSD,29144.16
Intel Core i5 7200U 2.5GHz,Intel HD Graphics 620,HDD,41505.12
Intel Core i5 6200U 2.3GHz,Intel HD Graphics 520,SSD,63669.6
Intel Core i5 6300U 2.4GHz,Intel HD Graphics 520,SSD,58607.4672
Intel Core i5 7200U 2.5GHz,Intel HD Graphics 620,SSD,64202.4
Intel Core i7 6600U 2.6GHz,Intel HD Graphics 520,SSD,77202.72
Intel Core i5 7200U 2.5GHz,Nvidia GeForce 930MX,SSD,55904.5728
Intel Core i3 7100U 2.4GHz,Intel HD Graphics 620,HDD,36443.52
Intel Core i5 7300HQ 2.5GHz,Nvidia GeForce GTX 1050,1.Hybrid,50562.72
Intel Core i5 7200U 2.5GHz,Intel HD Graphics 620,HDD,81997.92
Intel Core i5 7200U 2.5GHz,Intel HD Graphics 620,SSD,84715.2
Intel Core i7 6500U 2.5GHz,Intel HD Graphics 520,SSD,100550.5488
Intel Core i3 7100U 2.4GHz,Intel HD Graphics 620,HDD,42624.0
Intel Core i5 6200U 2.3GHz,Intel HD Graphics 520,SSD,64468.8
Intel Core i3 7100U 2.4GHz,Intel HD Graphics 620,SSD,41025.0672
Intel Core i7 6820HQ 2.7GHz,Nvidia Quadro 3000M,SSD,158135.04
Intel Core i5 6200U 2.3GHz,Intel HD Graphics 520,SSD,79387.2
Intel Core i7 6500U 2.5GHz,Intel HD Graphics 520,SSD,118761.12
Intel Core i3 6100U 2.3GHz,Intel HD Graphics 520,HDD,42410.3472
Intel Core i5 6200U 2.3GHz,Intel HD Graphics 520,SSD,84715.2
Intel Core i5 7200U 2.5GHz,Intel HD Graphics 620,SSD,61218.72
Intel Core i7 7500U 2.7GHz,Nvidia GeForce 930MX,SSD,63159.7104
Intel Core i5 6300U 2.4GHz,Intel HD Graphics 520,HDD,55754.3232
Intel Core i5 7200U 2.5GHz,Intel HD Graphics 620,SSD,83063.52
Intel Core i5 7200U 2.5GHz,Intel HD Graphics 620,HDD,63349.92
Intel Core i5 7200U 2.5GHz,Intel HD Graphics 620,HDD,56476.8
Intel Core i5 7200U 2.5GHz,Intel HD Graphics 620,SSD,86526.72
Intel Core i5 7200U 2.5GHz,Nvidia GeForce 930MX,SSD,57542.4
Intel Core i5 7200U 2.5GHz,Intel HD Graphics 620,SSD,51841.44
AMD A9-Series 9420 3GHz,AMD Radeon R5,HDD,21791.52
Intel Core i7 7700HQ 2.8GHz,Nvidia GeForce GTX 1050,SSD +  HDD,63499.104
Intel Core i5 6200U 2.3GHz,Intel HD Graphics 520,SSD,63669.6
Intel Core i7 6500U 2.5GHz,Intel HD Graphics 520,SSD,65480.5872
Intel Core i7 6500U 2.5GHz,Intel HD Graphics 520,SSD,71874.72
Intel Core i5 7200U 2.5GHz,Intel HD Graphics 620,HDD,39533.76
Intel Core i7 6600U 2.6GHz,Intel HD Graphics 520,SSD,91908.0
Intel Core i5 6300U 2.4GHz,Intel HD Graphics 520,SSD,56633.976
Intel Core i5 7200U 2.5GHz,Intel HD Graphics 620,SSD,53839.9728
Intel Core i7 6500U 2.5GHz,Intel HD Graphics 520,SSD,45128.16
Intel Atom X5-Z8350 1.44GHz,Intel HD Graphics 400,Flash Storage,11231.424
Intel Core i7 6500U 2.5GHz,Nvidia GeForce 930M,SSD,75924.0
Intel Core i5 6200U 2.3GHz,Intel HD Graphics 520,SSD,55922.688
Intel Core i5 6200U 2.3GHz,Intel HD Graphics 520,HDD,53280.0
Intel Core i5 6300U 2.4GHz,Intel HD Graphics 520,SSD +  HDD,112065.9552
Intel Core i5 6200U 2.3GHz,Intel HD Graphics 520,SSD,78268.32
Intel Core i7 6820HK 2.7GHz,Nvidia GeForce GTX 980M,SSD +  HDD,82351.6992
Intel Core i7 6700HQ 2.6GHz,Nvidia GeForce GTX 980M,SSD +  HDD,122010.6672
Intel Celeron Dual Core N3060 1.6GHz,Intel HD Graphics 400,Flash Storage,15339.312
Intel Core i7 6600U 2.6GHz,Intel HD Graphics 520,SSD,139593.6
Intel Core i7 7500U 2.7GHz,Nvidia GeForce 940MX,HDD,52161.12
Intel Core i5 7200U 2.7GHz,Intel HD Graphics 620,SSD,58288.32
Intel Core i5 7200U 2.5GHz,Intel HD Graphics 620,SSD,52161.12
Intel Core i7 7500U 2.7GHz,Intel HD Graphics 620,SSD,120093.12
Intel Core i3 6100U 2.3GHz,Intel HD Graphics 520,HDD,37570.392
Intel Core i5 7200U 2.5GHz,Intel HD Graphics 620,HDD,26586.72
AMD A8-Series 7410 2.2GHz,AMD Radeon R5,HDD,23922.72
Intel Core i7 7500U 2.7GHz,Intel HD Graphics 620,SSD,69210.72
Intel Core i7 6700HQ 2.6GHz,Nvidia GeForce GTX 1060,SSD +  HDD,96916.32
Intel Core i7 6700HQ 2.6GHz,Nvidia GeForce GTX 965M,HDD,53173.44
Intel Core i5 7200U 2.5GHz,Intel HD Graphics,HDD,29783.52
Intel Core i7 7500U 2.7GHz,AMD Radeon R7 M445,HDD,52746.6672
Intel Core i7 6700HQ 2.6GHz,Nvidia GeForce GTX 1060,SSD +  HDD,102777.12
Intel Core i7 7500U 2.7GHz,Intel HD Graphics 620,SSD,77682.24
Intel Core i7 6820HK 2.7GHz,Nvidia GeForce GTX 980 ,SSD,211788.0
Intel Core i7 6500U 2.5GHz,Intel HD Graphics 520,SSD,42517.9728
Intel Core i7 6700HQ 2.6GHz,Nvidia GeForce GTX 970M,SSD +  HDD,70809.12
Intel Core M 1.1GHz,Intel HD Graphics 515,Flash Storage,69264.0
Intel Core i3 6100U 2.3GHz,Intel HD Graphics 520,HDD,25679.8944
Intel Core i5 6200U 2.3GHz,Intel HD Graphics 520,HDD,63882.72
Intel Core i5 6200U 2.3GHz,Intel HD Graphics 520,SSD,63882.72
Intel Core i7 7500U 2.7GHz,Intel HD Graphics 620,SSD,58075.2
Intel Core i7 6500U 2.5GHz,Intel HD Graphics 520,SSD,91294.7472
Intel Core i5 6200U 2.3GHz,AMD Radeon R5 M330,1.HDD,35111.52
Intel Core i5 6300HQ 2.3GHz,Nvidia GeForce GTX 950M,HDD,52054.56
Intel Core i7 7700HQ 2.8GHz,Nvidia GeForce GTX 1070,SSD +  HDD,133146.72
Intel Core i5 6200U 2.3GHz,Intel HD Graphics 520,HDD,28771.2
Intel Core i5 6200U 2.3GHz,Intel HD Graphics 520,HDD,50083.2
Intel Core M 6Y75 1.2GHz,Intel HD Graphics 515,SSD,74538.72
Intel Core i7 6820HK 2.7GHz,Nvidia GeForce GTX 980M,SSD +  1.Hybrid,172627.2
Intel Atom x5-Z8550 1.44GHz,Intel HD Graphics 400,Flash Storage,34433.2656
Intel Core i7 7500U 2.7GHz,Intel HD Graphics 620,SSD,109170.72
Intel Core i5 7200U 2.5GHz,Intel HD Graphics 620,SSD,39960.0
Intel Core i5 6200U 2.3GHz,Intel HD Graphics 520,HDD,54931.1472
Intel Core i7 6500U 2.5GHz,AMD FirePro W4190M,SSD,79653.6
Intel Core i5 6200U 2.3GHz,Intel HD Graphics 520,SSD,63882.72
Intel Pentium Dual Core 4405Y 1.5GHz,Intel HD Graphics 515,Flash Storage,32767.2
AMD A8-Series 7410 2.2GHz,AMD Radeon R5,HDD,20619.36
Intel Pentium Quad Core N3700 1.6GHz,Intel HD Graphics,HDD,20965.1472
Intel Core i3 6006U 2GHz,Intel HD Graphics 520,HDD,18434.3472
Intel Core i7 7700HQ 2.8GHz,Nvidia GeForce GTX 1060,SSD +  HDD,85194.72
Intel Core i5 8250U 1.6GHz,AMD Radeon 530,SSD,43601.688
Intel Core i5 6200U 2.3GHz,Intel HD Graphics 520,SSD,85194.72
Intel Core i5 7200U 2.5GHz,Nvidia GeForce GTX 950M,SSD +  HDD,42570.72
Intel Core i5 7200U 2.5GHz,AMD Radeon R7 M445,HDD,34035.264
Intel Core i7 6700HQ 2.6GHz,Nvidia GeForce GTX 965M,SSD,85194.72
Intel Pentium Quad Core N3710 1.6GHz,Intel HD Graphics 405,HDD,26640.0
Intel Core i7 6700HQ 2.6GHz,Nvidia GeForce GTX 980M,SSD +  HDD,122490.72
Intel Core i3 6100U 2.3GHz,Intel HD Graphics 520,HDD,60480.792
Intel Core i3 6100U 2.3GHz,Intel HD Graphics 520,SSD,62176.1616
Intel Celeron Dual Core 3205U 1.5GHz,Intel HD Graphics,SSD,11135.52
Intel Core i7 6700HQ 2.6GHz,AMD FirePro W6150M,HDD,154458.72
Intel Core i7 7700HQ 2.8GHz,Nvidia GeForce GTX 1050 Ti,SSD,63882.72
Intel Core i5 6200U 2.3GHz,Intel HD Graphics 520,SSD,75289.968
Intel Core i7 6700HQ 2.6GHz,Nvidia GeForce GTX 960M,SSD +  HDD,80516.2032
Intel Core i5 6200U 2.3GHz,Intel HD Graphics 520,SSD,46193.76
AMD A6-Series 9220 2.5GHz,AMD Radeon R4,HDD,21205.44
Intel Core i7 6700HQ 2.6GHz,Nvidia GeForce GTX 960M,SSD +  HDD,71341.92
Intel Core M 6Y54 1.1GHz,Intel HD Graphics 515,SSD,90522.72
Intel Core i5 6200U 2.3GHz,AMD Radeon R5 M315,HDD,40980.312
Intel Core i3 6006U 2.0GHz,Intel HD Graphics 520,SSD,22857.12
Intel Core i7 6500U 2.5GHz,Intel HD Graphics 520,SSD,104908.32
Intel Atom x5-Z8550 1.44GHz,Intel HD Graphics 400,Flash Storage,29250.72
Intel Core i7 7560U 2.4GHz,Intel Iris Plus Graphics 640,SSD,73473.12
Intel Core i7 6820HK 2.7GHz,Nvidia GeForce GTX 980M,SSD +  1.Hybrid,146519.4672
Intel Core i7 6500U 2.5GHz,Intel HD Graphics 520,SSD,54825.12
Intel Core i7 7500U 2.7GHz,Intel HD Graphics 620,SSD,118601.28
Intel Core i7 6700HQ 2.6GHz,Nvidia GeForce GTX 960M,SSD +  HDD,69929.4672
Intel Atom X5-Z8350 1.44GHz,Intel HD Graphics 400,Flash Storage,10442.88
Intel Core i5 6200U 2.3GHz,Intel HD Graphics 520,SSD,90043.2
Intel Core i5 6200U 2.3GHz,Intel HD Graphics 520,SSD,80612.64
Intel Core i5 6200U 2.3GHz,Intel HD Graphics 520,HDD,27899.0064
Intel Core i3 7100U 2.4GHz,Intel HD Graphics 620,HDD,23176.8
Intel Core i7 6500U 2.5GHz,Intel HD Graphics 520,SSD,88924.32
Intel Atom x5-Z8550 1.44GHz,Intel HD Graphics 400,Flash Storage,25521.12
Intel Core i5 6300U 2.4GHz,Intel HD Graphics 520,SSD,100965.6
Intel Core i5 7300HQ 2.5GHz,Nvidia GeForce GTX 1060,SSD +  HDD,52693.92
Intel Core i5 6300HQ 2.3GHz,Nvidia GeForce GTX 1060,SSD +  HDD,60153.12
Intel Core i7 7500U 2.7GHz,Intel HD Graphics 620,HDD,33513.12
Intel Core i7 6600U 2.6GHz,Nvidia Quadro M500M,SSD,109244.2464
Intel Celeron Dual Core N3350 1.1GHz,Intel HD Graphics 500,Flash Storage,14811.84
Intel Core i7 7500U 2.7GHz,Intel HD Graphics 620,SSD,40066.56
Intel Core i5 7200U 2.5GHz,Nvidia GeForce 940MX,HDD,32820.48
Intel Core i7 6500U 2.5GHz,AMD Radeon R7 M360,1.Hybrid,58554.72
Intel Core i7 6700HQ 2.6GHz,Nvidia Quadro M3000M,SSD,210424.032
Intel Core i5 7200U 2.5GHz,AMD Radeon R7 M445,HDD,41771.52
Intel Core i7 6820HQ 2.7GHz,Nvidia GeForce GTX 980M,SSD +  HDD,127818.72
Intel Core i7 6500U 2.5GHz,Intel HD Graphics 520,SSD,115709.2416
Intel Core i7 6600U 2.6GHz,Intel HD Graphics 520,SSD,130003.2
Intel Core i7 7700HQ 2.8GHz,Nvidia GeForce GTX 1050,SSD +  HDD,60888.384
Intel Core i5 6300U 2.4GHz,Intel HD Graphics 520,SSD,86793.12
Intel Core i7 6700HQ 2.6GHz,Nvidia Quadro M1000M,SSD,118761.12
Intel Core i7 6600U 2.6GHz,Intel HD Graphics 520,SSD,95850.72
Intel Core i7 6700HQ 2.6GHz,Nvidia Quadro M1000M,SSD,101178.72
Intel Core i7 6500U 2.50GHz,Intel HD Graphics 520,SSD,122381.496
Intel Core i7 7500U 2.7GHz,Nvidia GeForce 940MX,SSD,53807.472
Intel Core i5 6200U 2.3GHz,Intel HD Graphics 520,SSD,84129.12
Intel Core i7 6500U 2.5GHz,Intel HD Graphics 520,SSD,124621.92
Intel Core i3 6006U 2.0GHz,Intel HD Graphics 520,HDD,18061.92
AMD E-Series 7110 1.8GHz,AMD Radeon R2 Graphics,HDD,15824.16
Intel Core i5 6200U 2.3GHz,AMD Radeon R5 M330,HDD,31914.72
Intel Core i7 7700HQ 2.8GHz,Nvidia GeForce GTX 1050Ti,HDD,63882.72
Intel Core i5 6300HQ 2.3GHz,Nvidia GeForce 960M,SSD,119916.2304
AMD A6-Series A6-9220 2.5GHz,AMD Radeon 520,SSD,25515.2592
Intel Core i7 7700HQ 2.8GHz,Nvidia GeForce GTX 1050 Ti,SSD +  HDD,79536.384
Intel Core i7 6600U 2.6GHz,Intel HD Graphics 520,SSD,122490.72
Intel Core i5 6200U 2.3GHz,AMD Radeon R5 M330,1.Hybrid,42010.7472
Intel Core i7 6600U 2.6GHz,Intel HD Graphics 520,SSD,108744.48
Intel Core i7 6600U 2.6GHz,Intel HD Graphics 520,SSD,79866.72
Intel Core i7 6700HQ 2.6GHz,Nvidia GeForce GTX 970M,SSD +  HDD,94252.32
Intel Core i7 7700HQ 2.8GHz,Nvidia GeForce GTX 1050,HDD,47898.72
Intel Core i3 6006U 2.0GHz,Intel HD Graphics 520,HDD,24455.52
Intel Core i5 6200U 2.3GHz,Intel HD Graphics 520,HDD,25414.0272
Intel Core i7 7700HQ 2.8GHz,Nvidia GeForce GTX 1050 Ti,SSD +  HDD,79813.44
Intel Core i5 7200U 2.5GHz,Intel HD Graphics 620,SSD,74059.2
Intel Core i3 6006U 2GHz,Nvidia GeForce 920MX ,HDD,24935.04
Intel Celeron Dual Core N3060 1.6GHz,Intel HD Graphics 400,Flash Storage,13266.72
Intel Core i7 7500U 2.7GHz,Nvidia GeForce GTX 1050,HDD,44701.92
Intel Core i7 6500U 2.5GHz,Intel HD Graphics 520,SSD,36177.12
Intel Core i7 8550U 1.8GHz,Intel UHD Graphics 620,SSD,61751.52
Intel Celeron Dual Core N3050 1.6GHz,Intel HD Graphics,HDD,19660.32
Intel Core i5 6200U 2.3GHz,Intel HD Graphics 520,HDD,21205.44
Intel Core i7 7500U 2.7GHz,Nvidia GeForce 940MX,HDD,37775.52
Intel Core i3 7100U 2.4GHz,Intel HD Graphics 620,SSD,40972.32
Intel Core i7 6500U 2.5GHz,Intel HD Graphics 520,1.Hybrid,43956.0
Intel Core i7 6700HQ 2.6GHz,Nvidia GeForce GTX 960,SSD,69530.4
Intel Core i7 6700HQ 2.6GHz,Nvidia GeForce GTX 970M,SSD +  HDD,114731.5536
Intel Core i3 6100U 2.3GHz,Intel HD Graphics 520,HDD,34632.0
Intel Core i5 6200U 2.3GHz,Intel HD Graphics 520,SSD,87219.36
Intel Core i7 7500U 2.7GHz,Nvidia GeForce 920M,SSD,44275.68
Intel Core i7 7500U 2.7GHz,Nvidia GeForce GT 940MX,SSD,47686.1328
Intel Celeron Dual Core N3350 2GHz,Intel HD Graphics 500,HDD,17742.24
Intel Core i7 6700HQ 2.6GHz,Nvidia GeForce GTX 960M,HDD,42570.72
Intel Core i7 6700HQ 2.6GHz,Nvidia GeForce GTX 960M,SSD +  HDD,48431.52
Intel Core i7 7500U 2.7GHz,Intel HD Graphics 620,SSD,62817.12
Intel Core i5 7200U 2.5GHz,Nvidia GeForce 940MX,SSD,36816.48
Intel Core i5 6300U 2.4GHz,Intel HD Graphics 520,SSD,58554.72
Intel Core i7 7700HQ 2.8GHz,Nvidia GeForce GTX 1070,SSD +  HDD,138474.72
Intel Core i5 7300HQ 2.5GHz,Nvidia GeForce GTX 1050,HDD,43636.32
Samsung Cortex A72&A53 2.0GHz,ARM Mali T860 MP4,Flash Storage,35111.52
Intel Core i5 7200U 2.5GHz,Intel HD Graphics 620,HDD,25840.8
Intel Core M 1.1GHz,Intel HD Graphics 5300,Flash Storage,61964.64
Intel Core i5 7200U 2.5GHz,Intel HD Graphics 620,SSD,63882.72
Intel Core i7 7700HQ 2.8GHz,Nvidia GeForce GTX 1050,SSD +  HDD,70702.56
Intel Core i3 6006U 2GHz,AMD Radeon R5 M430,HDD,19607.04
Intel Core i7 6700HQ 2.6GHz,Nvidia GeForce GTX 980M,SSD +  HDD,114552.0
Intel Celeron Dual Core N3350 2GHz,Intel HD Graphics 500,HDD,14492.16
Intel Core i7 7700HQ 2.8GHz,Nvidia GeForce GTX 1060,SSD +  HDD,109165.392
Intel Core i3 6006U 2.0GHz,AMD Radeon R7 M440,SSD,26586.72
Intel Core i7 6500U 2.5GHz,Nvidia GeForce 920MX,HDD,33513.12
Intel Core i7 7500U 2.7GHz,Intel HD Graphics 620,SSD,142790.4
Intel Core i7 6700HQ 2.6GHz,Nvidia GeForce GTX 1060,HDD,62284.32
Intel Core i5 7200U 2.5GHz,AMD Radeon R7 M445,SSD,47365.92
Intel Core i5 7200U 2.5GHz,Intel HD Graphics 620,SSD,30849.12
AMD E-Series 9000 2.2GHz,AMD Radeon R2 Graphics,HDD,15930.72
Intel Core i3 6006U 2.0GHz,Nvidia GeForce 940MX,HDD,33513.12
Intel Core i7 7700HQ 2.8GHz,Nvidia GeForce GTX 1070,SSD +  HDD,130482.72
Intel Core M 1.2GHz,Intel HD Graphics 515,Flash Storage,68145.12
Intel Core i7 7700HQ 2.8GHz,Nvidia GeForce GTX 1060,SSD +  HDD,93186.72
Intel Core i7 6700HQ 2.6GHz,Nvidia GeForce GTX 1060,SSD +  HDD,103842.1872
Intel Core i5 7200U 2.5GHz,Intel HD Graphics 620,SSD,53226.72
Intel Core i7 7700HQ 2.8GHz,Nvidia GeForce GTX 1060,SSD +  HDD,103842.72
Intel Celeron Dual Core 3205U 1.5GHz,Intel HD Graphics,SSD,9270.72
Intel Core i3 6006U 2GHz,Nvidia GeForce 940MX,HDD,31861.44
Intel Core i5 7200U 2.5GHz,Intel HD Graphics 620,HDD,28717.92
Intel Core i7 6700HQ 2.6GHz,Nvidia GeForce GTX 960<U+039C>,SSD +  HDD,67772.16
Intel Core i7 7Y75 1.3GHz,Intel HD Graphics 615,SSD,61218.72
Intel Core i7 6600U 2.6GHz,Intel HD Graphics 520,SSD,81465.12
Intel Core i7 6700HQ 2.6GHz,Nvidia GeForce GTX 1060,SSD +  HDD,78647.1408
AMD A12-Series 9720P 2.7GHz,AMD Radeon 530,HDD,28185.12
Intel Core i5 6300U 2.4GHz,Intel HD Graphics 520,SSD,91288.3536
Intel Core i3 7100U 2.4GHz,Intel HD Graphics 620,HDD,27119.52
Intel Pentium Quad Core N3710 1.6GHz,Intel HD Graphics 405,HDD,16463.52
Intel Core i7 7500U 2.7GHz,Intel HD Graphics 620,SSD,78694.56
Intel Core i5 7200U 2.5GHz,Intel HD Graphics 520,HDD,27804.7008
Intel Core i7 6700HQ 2.6GHz,Nvidia GeForce GTX 960M,SSD +  HDD,54825.12
Intel Core i7 7700HQ 2.8GHz,Nvidia GeForce GTX 1050,SSD +  HDD,61218.72
Intel Core i7 6500U 2.50GHz,Intel HD Graphics 520,SSD,87912.0
Intel Core i7 7700HQ 2.8GHz,Nvidia GeForce GTX 1060,SSD,186426.72
Intel Core i3 7100U 2.4GHz,Intel HD Graphics 620,HDD,24988.8528
Intel Core i7 7700HQ 2.8GHz,Nvidia GeForce GTX 1060,SSD +  HDD,85141.44
Intel Core i5 1.6GHz,Intel HD Graphics 6000,Flash Storage,51095.52
Intel Core i3 6006U 2GHz,Intel HD Graphics 520,HDD,25467.84
Intel Core i7 6500U 2.5GHz,Intel HD Graphics 520,SSD,117119.5632
Intel Core i5 6200U 2.3GHz,Intel HD Graphics 520,HDD,39267.36
Intel Core i7 6700HQ 2.6GHz,Nvidia GeForce GTX 960M,SSD +  HDD,62284.32
Intel Core i7 7500U 2.7GHz,Intel HD Graphics 620,SSD,79866.72
AMD A12-Series 9720P 3.6GHz,AMD Radeon 530,SSD,31838.5296
Intel Core i7 6500U 2.5GHz,Intel HD Graphics 520,SSD,68198.4
Intel Core i3 6006U 2.0GHz,Intel HD Graphics 520,HDD,19276.704
Intel Core i7 7500U 2.7GHz,Nvidia GeForce 940MX,SSD,95850.72
Intel Core i5 6200U 2.3GHz,Intel HD Graphics 520,SSD,58607.4672
Intel Core i5 7200U 2.5GHz,Intel HD Graphics 620,HDD,46620.0
Intel Core i7 6700HQ 2.6GHz,Nvidia GeForce GTX 1070,SSD +  HDD,123876.0
Intel Core i5 7200U 2.5GHz,Intel HD Graphics 620,SSD,30529.44
Intel Core i5 7Y54 1.2GHz,Intel HD Graphics 615,SSD,96596.64
Intel Pentium Quad Core N3710 1.6GHz,Intel HD Graphics,HDD,17262.72
AMD A6-Series 9220 2.5GHz,AMD Radeon R4 Graphics,HDD,21258.72
Intel Core i3 6100U 2.3GHz,Nvidia GeForce 920MX,SSD,30316.32
Intel Core i5 6200U 2.3GHz,Intel HD Graphics 520,SSD,57116.16
Intel Pentium Quad Core N3700 1.6GHz,Intel HD Graphics,HDD,23655.7872
Intel Celeron Dual Core N3350 1.1GHz,Intel HD Graphics 500,HDD,18061.92
Intel Core i7 6700HQ 2.6GHz,Nvidia GeForce GTX 970M,SSD +  HDD,101232.0
Intel Core i3 6006U 2GHz,Intel HD Graphics 520,HDD,26107.2
Intel Core i7 6500U 2.5GHz,AMD Radeon R5 M330,1.Hybrid,47685.6
Intel Core i7 6700HQ 2.6GHz,Nvidia GeForce GTX 960M,SSD +  HDD,65481.12
Intel Core i5 6200U 2.3GHz,Intel HD Graphics 520,SSD,44382.7728
Intel Core M 6Y30 0.9GHz,Intel HD Graphics 515,SSD,38841.12
Intel Core i3 7100U 2.4GHz,Intel HD Graphics 620,HDD,24455.52
Intel Celeron Dual Core N3060 1.6GHz,Intel HD Graphics 400,HDD,15397.92
Intel Celeron Dual Core N3050 1.6GHz,Intel HD Graphics,HDD,20193.12
Intel Core i7 6700HQ 2.6GHz,Nvidia GeForce GTX 960M,HDD,47898.72
AMD A9-Series 9410 2.9GHz,AMD Radeon R7 M440,1.Hybrid,29303.4672
Intel Core i7 7500U 2.7GHz,AMD Radeon R5 M430,HDD,42943.1472
Intel Celeron Dual Core N3060 1.6GHz,Intel HD Graphics 400,Flash Storage,11135.52
Intel Core i7 6500U 2.5GHz,Nvidia GeForce 920M,HDD,38378.6496
Intel Core i7 6500U 2.5GHz,Intel HD Graphics 520,SSD,33992.64
Intel Core i7 6500U 2.5GHz,Intel HD Graphics 520,SSD,79866.72
Intel Celeron Dual Core N3050 1.6GHz,Intel HD Graphics,Flash Storage,12201.12
Intel Core i7 6500U 2.5GHz,AMD Radeon R5 M330,HDD,40705.92
Intel Celeron Dual Core N3050 1.6GHz,Intel HD Graphics,HDD,19660.32
Intel Core M 6Y30 0.9GHz,Intel HD Graphics 515,SSD,38841.12
Intel Core i3 7100U 2.4GHz,Intel HD Graphics 620,HDD,24455.52
Intel Celeron Dual Core N3060 1.6GHz,Intel HD Graphics 400,HDD,15397.92
Intel Celeron Dual Core N3050 1.6GHz,Intel HD Graphics,HDD,20193.12
Intel Core i7 6700HQ 2.6GHz,Nvidia GeForce GTX 960M,HDD,47898.72
AMD A9-Series 9410 2.9GHz,AMD Radeon R7 M440,1.Hybrid,29303.4672
Intel Core i7 7500U 2.7GHz,AMD Radeon R5 M430,HDD,42943.1472
Intel Celeron Dual Core N3060 1.6GHz,Intel HD Graphics 400,Flash Storage,11135.52
Intel Core i7 6500U 2.5GHz,Nvidia GeForce 920M,HDD,38378.6496
Intel Core i7 6500U 2.5GHz,Intel HD Graphics 520,SSD,33992.64
Intel Core i7 6500U 2.5GHz,Intel HD Graphics 520,SSD,79866.72
Intel Celeron Dual Core N3050 1.6GHz,Intel HD Graphics,Flash Storage,12201.12
Intel Core i7 6500U 2.5GHz,AMD Radeon R5 M330,HDD,40705.92
Intel Celeron Dual Core N3050 1.6GHz,Intel HD Graphics,HDD,19660.32
Intel Core M 6Y30 0.9GHz,Intel HD Graphics 515,SSD,38841.12
Intel Core i3 7100U 2.4GHz,Intel HD Graphics 620,HDD,24455.52
Intel Celeron Dual Core N3060 1.6GHz,Intel HD Graphics 400,HDD,15397.92
Intel Celeron Dual Core N3050 1.6GHz,Intel HD Graphics,HDD,20193.12
Intel Core i7 6700HQ 2.6GHz,Nvidia GeForce GTX 960M,HDD,47898.72
AMD A9-Series 9410 2.9GHz,AMD Radeon R7 M440,1.Hybrid,29303.4672
Intel Core i7 7500U 2.7GHz,AMD Radeon R5 M430,HDD,42943.1472
Intel Celeron Dual Core N3060 1.6GHz,Intel HD Graphics 400,Flash Storage,11135.52
Intel Core i7 6500U 2.5GHz,Nvidia GeForce 920M,HDD,38378.6496
Intel Core i7 6500U 2.5GHz,Intel HD Graphics 520,SSD,33992.64
Intel Core i7 6500U 2.5GHz,Intel HD Graphics 520,SSD,79866.72
Intel Celeron Dual Core N3050 1.6GHz,Intel HD Graphics,Flash Storage,12201.12
Intel Core i7 6500U 2.5GHz,AMD Radeon R5 M330,HDD,40705.92
Intel Celeron Dual Core N3050 1.6GHz,Intel HD Graphics,HDD,19660.32
